,table,column,bins,table_column
0,item,i_item_sk,[1 2040.98 4080.96 6120.94 8160.92 10200.9 12240.88 14280.86 16320.84 18360.82 20400.8 22440.78 24480.76 26520.74 28560.72 30600.7 32640.68 34680.66 36720.64 38760.62 40800.6 42840.58 44880.56 46920.54 48960.52 51000.5 53040.48 55080.46 57120.44 59160.42 61200.4 63240.38 65280.36 67320.34 69360.32 71400.3 73440.28 75480.26 77520.24 79560.22 81600.2 83640.18 85680.16 87720.14 89760.12 91800.1 93840.08 95880.06 97920.04 99960.02 102000],item.i_item_sk
1,item,i_item_desc,[0 0 0 0 0 0 0 0 0 0 0 0 0 0 0 0 0 0 0 0 0 0 0 0 0 0 0 0 0 0 0 0 0 0 0 0 0 0 0 0 0 0 0 0 0 0 0 0 0 0 0],item.i_item_desc
2,item,i_product_name,[0 0 0 0 0 0 0 0 0 0 0 0 0 0 0 0 0 0 0 0 0 0 0 0 0 0 0 0 0 0 0 0 0 0 0 0 0 0 0 0 0 0 0 0 0 0 0 0 0 0 0],item.i_product_name
3,item,i_wholesale_cost,[0.02 1.7928 3.5656 5.3384 7.1112 8.884 10.6568 12.4296 14.2024 15.9752 17.748 19.5208 21.2936 23.0664 24.8392 26.612 28.3848 30.1576 31.9304 33.7032 35.476 37.2488 39.0216 40.7944 42.5672 44.34 46.1128 47.8856 49.6584 51.4312 53.204 54.9768 56.7496 58.5224 60.2952 62.068 63.8408 65.6136 67.3864 69.1592 70.932 72.7048 74.4776 76.2504 78.0232 79.796 81.5688 83.3416 85.1144 86.8872 88.66],item.i_wholesale_cost
4,item,i_manufact_id,[1 20.98 40.96 60.94 80.92 100.9 120.88 140.86 160.84 180.82 200.8 220.78 240.76 260.74 280.72 300.7 320.68 340.66 360.64 380.62 400.6 420.58 440.56 460.54 480.52 500.5 520.48 540.46 560.44 580.42 600.4 620.38 640.36 660.34 680.32 700.3 720.28 740.26 760.24 780.22 800.2 820.18 840.16 860.14 880.12 900.1 920.08 940.06 960.04 980.02 1000],item.i_manufact_id
5,item,i_rec_end_date,[0 0 0 0 0 0 0 0 0 0 0 0 0 0 0 0 0 0 0 0 0 0 0 0 0 0 0 0 0 0 0 0 0 0 0 0 0 0 0 0 0 0 0 0 0 0 0 0 0 0 0],item.i_rec_end_date
6,item,i_class_id,[1 1.3 1.6 1.9 2.2 2.5 2.8 3.1 3.4 3.7 4 4.3 4.6 4.9 5.2 5.5 5.8 6.1 6.4 6.7 7 7.3 7.6 7.9 8.2 8.5 8.8 9.1 9.4 9.7 10 10.3 10.6 10.9 11.2 11.5 11.8 12.1 12.4 12.7 13 13.3 13.6 13.9 14.2 14.5 14.8 15.1 15.4 15.7 16],item.i_class_id
7,item,i_current_price,[0.09 2.088 4.086 6.084 8.082 10.08 12.078 14.076 16.074 18.072 20.07 22.068 24.066 26.064 28.062 30.06 32.058 34.056 36.054 38.052 40.05 42.048 44.046 46.044 48.042 50.04 52.038 54.036 56.034 58.032 60.03 62.028 64.026 66.024 68.022 70.02 72.018 74.016 76.014 78.012 80.01 82.008 84.006 86.004 88.002 90 91.998 93.996 95.994 97.992 99.99],item.i_current_price
8,item,i_item_id,[0 0 0 0 0 0 0 0 0 0 0 0 0 0 0 0 0 0 0 0 0 0 0 0 0 0 0 0 0 0 0 0 0 0 0 0 0 0 0 0 0 0 0 0 0 0 0 0 0 0 0],item.i_item_id
9,item,i_rec_start_date,[0 0 0 0 0 0 0 0 0 0 0 0 0 0 0 0 0 0 0 0 0 0 0 0 0 0 0 0 0 0 0 0 0 0 0 0 0 0 0 0 0 0 0 0 0 0 0 0 0 0 0],item.i_rec_start_date
10,item,i_category_id,[1 1.18 1.36 1.54 1.72 1.9 2.08 2.26 2.44 2.62 2.8 2.98 3.16 3.34 3.52 3.7 3.88 4.06 4.24 4.42 4.6 4.78 4.96 5.14 5.32 5.5 5.68 5.86 6.04 6.22 6.4 6.58 6.76 6.94 7.12 7.3 7.48 7.66 7.84 8.02 8.2 8.38 8.56 8.74 8.92 9.1 9.28 9.46 9.64 9.82 10],item.i_category_id
11,item,i_brand_id,[1001001 1181301.32 1361601.64 1541901.96 1722202.28 1902502.6 2082802.92 2263103.24 2443403.56 2623703.88 2804004.2 2984304.52 3164604.84 3344905.16 3525205.48 3705505.8 3885806.12 4066106.44 4246406.76 4426707.08 4607007.4 4787307.72 4967608.04 5147908.36 5328208.68 5508509 5688809.32 5869109.64 6049409.96 6229710.28 6410010.6 6590310.92 6770611.24 6950911.56 7131211.88 7311512.2 7491812.52 7672112.84 7852413.16 8032713.48 8213013.8 8393314.12 8573614.44 8753914.76 8934215.08 9114515.4 9294815.72 9475116.04 9655416.36 9835716.68 10016017],item.i_brand_id
12,item,i_manager_id,[1 2.98 4.96 6.94 8.92 10.9 12.88 14.86 16.84 18.82 20.8 22.78 24.76 26.74 28.72 30.7 32.68 34.66 36.64 38.62 40.6 42.58 44.56 46.54 48.52 50.5 52.48 54.46 56.44 58.42 60.4 62.38 64.36 66.34 68.32 70.3 72.28 74.26 76.24 78.22 80.2 82.18 84.16 86.14 88.12 90.1 92.08 94.06 96.04 98.02 100],item.i_manager_id
13,item,i_container,[0 0 0 0 0 0 0 0 0 0 0 0 0 0 0 0 0 0 0 0 0 0 0 0 0 0 0 0 0 0 0 0 0 0 0 0 0 0 0 0 0 0 0 0 0 0 0 0 0 0 0],item.i_container
14,item,i_brand,[0 0 0 0 0 0 0 0 0 0 0 0 0 0 0 0 0 0 0 0 0 0 0 0 0 0 0 0 0 0 0 0 0 0 0 0 0 0 0 0 0 0 0 0 0 0 0 0 0 0 0],item.i_brand
15,item,i_category,[0 0 0 0 0 0 0 0 0 0 0 0 0 0 0 0 0 0 0 0 0 0 0 0 0 0 0 0 0 0 0 0 0 0 0 0 0 0 0 0 0 0 0 0 0 0 0 0 0 0 0],item.i_category
16,item,i_size,[0 0 0 0 0 0 0 0 0 0 0 0 0 0 0 0 0 0 0 0 0 0 0 0 0 0 0 0 0 0 0 0 0 0 0 0 0 0 0 0 0 0 0 0 0 0 0 0 0 0 0],item.i_size
17,item,i_class,[0 0 0 0 0 0 0 0 0 0 0 0 0 0 0 0 0 0 0 0 0 0 0 0 0 0 0 0 0 0 0 0 0 0 0 0 0 0 0 0 0 0 0 0 0 0 0 0 0 0 0],item.i_class
18,item,i_manufact,[0 0 0 0 0 0 0 0 0 0 0 0 0 0 0 0 0 0 0 0 0 0 0 0 0 0 0 0 0 0 0 0 0 0 0 0 0 0 0 0 0 0 0 0 0 0 0 0 0 0 0],item.i_manufact
19,item,i_formulation,[0 0 0 0 0 0 0 0 0 0 0 0 0 0 0 0 0 0 0 0 0 0 0 0 0 0 0 0 0 0 0 0 0 0 0 0 0 0 0 0 0 0 0 0 0 0 0 0 0 0 0],item.i_formulation
20,item,i_units,[0 0 0 0 0 0 0 0 0 0 0 0 0 0 0 0 0 0 0 0 0 0 0 0 0 0 0 0 0 0 0 0 0 0 0 0 0 0 0 0 0 0 0 0 0 0 0 0 0 0 0],item.i_units
21,item,i_color,[0 0 0 0 0 0 0 0 0 0 0 0 0 0 0 0 0 0 0 0 0 0 0 0 0 0 0 0 0 0 0 0 0 0 0 0 0 0 0 0 0 0 0 0 0 0 0 0 0 0 0],item.i_color
22,web_returns,wr_reason_sk,[1 1.88 2.76 3.64 4.52 5.4 6.28 7.16 8.04 8.92 9.8 10.68 11.56 12.44 13.32 14.2 15.08 15.96 16.84 17.72 18.6 19.48 20.36 21.24 22.12 23 23.88 24.76 25.64 26.52 27.4 28.28 29.16 30.04 30.92 31.8 32.68 33.56 34.44 35.32 36.2 37.08 37.96 38.84 39.72 40.6 41.48 42.36 43.24 44.12 45],web_returns.wr_reason_sk
23,web_returns,wr_web_page_sk,[1 4.98 8.96 12.94 16.92 20.9 24.88 28.86 32.84 36.82 40.8 44.78 48.76 52.74 56.72 60.7 64.68 68.66 72.64 76.62 80.6 84.58 88.56 92.54 96.52 100.5 104.48 108.46 112.44 116.42 120.4 124.38 128.36 132.34 136.32 140.3 144.28 148.26 152.24 156.22 160.2 164.18 168.16 172.14 176.12 180.1 184.08 188.06 192.04 196.02 200],web_returns.wr_web_page_sk
24,web_returns,wr_returning_hdemo_sk,[1 144.98 288.96 432.94 576.92 720.9 864.88 1008.86 1152.84 1296.82 1440.8 1584.78 1728.76 1872.74 2016.72 2160.7 2304.68 2448.66 2592.64 2736.62 2880.6 3024.58 3168.56 3312.54 3456.52 3600.5 3744.48 3888.46 4032.44 4176.42 4320.4 4464.38 4608.36 4752.34 4896.32 5040.3 5184.28 5328.26 5472.24 5616.22 5760.2 5904.18 6048.16 6192.14 6336.12 6480.1 6624.08 6768.06 6912.04 7056.02 7200],web_returns.wr_returning_hdemo_sk
25,web_returns,wr_return_quantity,[1 2.98 4.96 6.94 8.92 10.9 12.88 14.86 16.84 18.82 20.8 22.78 24.76 26.74 28.72 30.7 32.68 34.66 36.64 38.62 40.6 42.58 44.56 46.54 48.52 50.5 52.48 54.46 56.44 58.42 60.4 62.38 64.36 66.34 68.32 70.3 72.28 74.26 76.24 78.22 80.2 82.18 84.16 86.14 88.12 90.1 92.08 94.06 96.04 98.02 100],web_returns.wr_return_quantity
26,web_returns,wr_refunded_hdemo_sk,[1 144.98 288.96 432.94 576.92 720.9 864.88 1008.86 1152.84 1296.82 1440.8 1584.78 1728.76 1872.74 2016.72 2160.7 2304.68 2448.66 2592.64 2736.62 2880.6 3024.58 3168.56 3312.54 3456.52 3600.5 3744.48 3888.46 4032.44 4176.42 4320.4 4464.38 4608.36 4752.34 4896.32 5040.3 5184.28 5328.26 5472.24 5616.22 5760.2 5904.18 6048.16 6192.14 6336.12 6480.1 6624.08 6768.06 6912.04 7056.02 7200],web_returns.wr_refunded_hdemo_sk
27,web_returns,wr_return_amt,[0 512.988 1025.976 1538.964 2051.952 2564.94 3077.928 3590.916 4103.904 4616.892 5129.88 5642.868 6155.856 6668.844 7181.832 7694.82 8207.808 8720.796 9233.784 9746.772 10259.76 10772.748 11285.736 11798.724 12311.712 12824.7 13337.688 13850.676 14363.664 14876.652 15389.64 15902.628 16415.616 16928.604 17441.592 17954.58 18467.568 18980.556 19493.544 20006.532 20519.52 21032.508 21545.496 22058.484 22571.472 23084.46 23597.448 24110.436 24623.424 25136.412 25649.4],web_returns.wr_return_amt
28,web_returns,wr_fee,[0.5 2.49 4.48 6.47 8.46 10.45 12.44 14.43 16.42 18.41 20.4 22.39 24.38 26.37 28.36 30.35 32.34 34.33 36.32 38.31 40.3 42.29 44.28 46.27 48.26 50.25 52.24 54.23 56.22 58.21 60.2 62.19 64.18 66.17 68.16 70.15 72.14 74.13 76.12 78.11 80.1 82.09 84.08 86.07 88.06 90.05 92.04 94.03 96.02 98.01 100],web_returns.wr_fee
29,web_returns,wr_return_amt_inc_tax,[0 541.5842 1083.1684 1624.7526 2166.3368 2707.921 3249.5052 3791.0894 4332.6736 4874.2578 5415.842 5957.4262 6499.0104 7040.5946 7582.1788 8123.763 8665.3472 9206.9314 9748.5156 10290.0998 10831.684 11373.2682 11914.8524 12456.4366 12998.0208 13539.605 14081.1892 14622.7734 15164.3576 15705.9418 16247.526 16789.1102 17330.6944 17872.2786 18413.8628 18955.447 19497.0312 20038.6154 20580.1996 21121.7838 21663.368 22204.9522 22746.5364 23288.1206 23829.7048 24371.289 24912.8732 25454.4574 25996.0416 26537.6258 27079.21],web_returns.wr_return_amt_inc_tax
30,web_returns,wr_return_tax,[0 41.801 83.602 125.403 167.204 209.005 250.806 292.607 334.408 376.209 418.01 459.811 501.612 543.413 585.214 627.015 668.816 710.617 752.418 794.219 836.02 877.821 919.622 961.423 1003.224 1045.025 1086.826 1128.627 1170.428 1212.229 1254.03 1295.831 1337.632 1379.433 1421.234 1463.035 1504.836 1546.637 1588.438 1630.239 1672.04 1713.841 1755.642 1797.443 1839.244 1881.045 1922.846 1964.647 2006.448 2048.249 2090.05],web_returns.wr_return_tax
31,web_returns,wr_returned_date_sk,[2450828 2450871.38 2450914.76 2450958.14 2451001.52 2451044.9 2451088.28 2451131.66 2451175.04 2451218.42 2451261.8 2451305.18 2451348.56 2451391.94 2451435.32 2451478.7 2451522.08 2451565.46 2451608.84 2451652.22 2451695.6 2451738.98 2451782.36 2451825.74 2451869.12 2451912.5 2451955.88 2451999.26 2452042.64 2452086.02 2452129.4 2452172.78 2452216.16 2452259.54 2452302.92 2452346.3 2452389.68 2452433.06 2452476.44 2452519.82 2452563.2 2452606.58 2452649.96 2452693.34 2452736.72 2452780.1 2452823.48 2452866.86 2452910.24 2452953.62 2452997],web_returns.wr_returned_date_sk
32,web_returns,wr_returned_time_sk,[0 1727.98 3455.96 5183.94 6911.92 8639.9 10367.88 12095.86 13823.84 15551.82 17279.8 19007.78 20735.76 22463.74 24191.72 25919.7 27647.68 29375.66 31103.64 32831.62 34559.6 36287.58 38015.56 39743.54 41471.52 43199.5 44927.48 46655.46 48383.44 50111.42 51839.4 53567.38 55295.36 57023.34 58751.32 60479.3 62207.28 63935.26 65663.24 67391.22 69119.2 70847.18 72575.16 74303.14 76031.12 77759.1 79487.08 81215.06 82943.04 84671.02 86399],web_returns.wr_returned_time_sk
33,web_returns,wr_account_credit,[0 440.7452 881.4904 1322.2356 1762.9808 2203.726 2644.4712 3085.2164 3525.9616 3966.7068 4407.452 4848.1972 5288.9424 5729.6876 6170.4328 6611.178 7051.9232 7492.6684 7933.4136 8374.1588 8814.904 9255.6492 9696.3944 10137.1396 10577.8848 11018.63 11459.3752 11900.1204 12340.8656 12781.6108 13222.356 13663.1012 14103.8464 14544.5916 14985.3368 15426.082 15866.8272 16307.5724 16748.3176 17189.0628 17629.808 18070.5532 18511.2984 18952.0436 19392.7888 19833.534 20274.2792 20715.0244 21155.7696 21596.5148 22037.26],web_returns.wr_account_credit
34,web_returns,wr_return_ship_cost,[0 245.2038 490.4076 735.6114 980.8152 1226.019 1471.2228 1716.4266 1961.6304 2206.8342 2452.038 2697.2418 2942.4456 3187.6494 3432.8532 3678.057 3923.2608 4168.4646 4413.6684 4658.8722 4904.076 5149.2798 5394.4836 5639.6874 5884.8912 6130.095 6375.2988 6620.5026 6865.7064 7110.9102 7356.114 7601.3178 7846.5216 8091.7254 8336.9292 8582.133 8827.3368 9072.5406 9317.7444 9562.9482 9808.152 10053.3558 10298.5596 10543.7634 10788.9672 11034.171 11279.3748 11524.5786 11769.7824 12014.9862 12260.19],web_returns.wr_return_ship_cost
35,web_returns,wr_refunded_cash,[0 480.0762 960.1524 1440.2286 1920.3048 2400.381 2880.4572 3360.5334 3840.6096 4320.6858 4800.762 5280.8382 5760.9144 6240.9906 6721.0668 7201.143 7681.2192 8161.2954 8641.3716 9121.4478 9601.524 10081.6002 10561.6764 11041.7526 11521.8288 12001.905 12481.9812 12962.0574 13442.1336 13922.2098 14402.286 14882.3622 15362.4384 15842.5146 16322.5908 16802.667 17282.7432 17762.8194 18242.8956 18722.9718 19203.048 19683.1242 20163.2004 20643.2766 21123.3528 21603.429 22083.5052 22563.5814 23043.6576 23523.7338 24003.81],web_returns.wr_refunded_cash
36,web_returns,wr_net_loss,[0.54 277.9662 555.3924 832.8186 1110.2448 1387.671 1665.0972 1942.5234 2219.9496 2497.3758 2774.802 3052.2282 3329.6544 3607.0806 3884.5068 4161.933 4439.3592 4716.7854 4994.2116 5271.6378 5549.064 5826.4902 6103.9164 6381.3426 6658.7688 6936.195 7213.6212 7491.0474 7768.4736 8045.8998 8323.326 8600.7522 8878.1784 9155.6046 9433.0308 9710.457 9987.8832 10265.3094 10542.7356 10820.1618 11097.588 11375.0142 11652.4404 11929.8666 12207.2928 12484.719 12762.1452 13039.5714 13316.9976 13594.4238 13871.85],web_returns.wr_net_loss
37,web_returns,wr_reversed_charge,[0 356.752 713.504 1070.256 1427.008 1783.76 2140.512 2497.264 2854.016 3210.768 3567.52 3924.272 4281.024 4637.776 4994.528 5351.28 5708.032 6064.784 6421.536 6778.288 7135.04 7491.792 7848.544 8205.296 8562.048 8918.8 9275.552 9632.304 9989.056 10345.808 10702.56 11059.312 11416.064 11772.816 12129.568 12486.32 12843.072 13199.824 13556.576 13913.328 14270.08 14626.832 14983.584 15340.336 15697.088 16053.84 16410.592 16767.344 17124.096 17480.848 17837.6],web_returns.wr_reversed_charge
38,web_returns,wr_item_sk,[1 2040.98 4080.96 6120.94 8160.92 10200.9 12240.88 14280.86 16320.84 18360.82 20400.8 22440.78 24480.76 26520.74 28560.72 30600.7 32640.68 34680.66 36720.64 38760.62 40800.6 42840.58 44880.56 46920.54 48960.52 51000.5 53040.48 55080.46 57120.44 59160.42 61200.4 63240.38 65280.36 67320.34 69360.32 71400.3 73440.28 75480.26 77520.24 79560.22 81600.2 83640.18 85680.16 87720.14 89760.12 91800.1 93840.08 95880.06 97920.04 99960.02 102000],web_returns.wr_item_sk
39,web_returns,wr_order_number,[1 12000.98 24000.96 36000.94 48000.92 60000.9 72000.88 84000.86 96000.84 108000.82 120000.8 132000.78 144000.76 156000.74 168000.72 180000.7 192000.68 204000.66 216000.64 228000.62 240000.6 252000.58 264000.56 276000.54 288000.52 300000.5 312000.48 324000.46 336000.44 348000.42 360000.4 372000.38 384000.36 396000.34 408000.32 420000.3 432000.28 444000.26 456000.24 468000.22 480000.2 492000.18 504000.16 516000.14 528000.12 540000.1 552000.08 564000.06 576000.04 588000.02 600000],web_returns.wr_order_number
40,web_returns,wr_returning_addr_sk,[1 5000.98 10000.96 15000.94 20000.92 25000.9 30000.88 35000.86 40000.84 45000.82 50000.8 55000.78 60000.76 65000.74 70000.72 75000.7 80000.68 85000.66 90000.64 95000.62 100000.6 105000.58 110000.56 115000.54 120000.52 125000.5 130000.48 135000.46 140000.44 145000.42 150000.4 155000.38 160000.36 165000.34 170000.32 175000.3 180000.28 185000.26 190000.24 195000.22 200000.2 205000.18 210000.16 215000.14 220000.12 225000.1 230000.08 235000.06 240000.04 245000.02 250000],web_returns.wr_returning_addr_sk
41,web_returns,wr_refunded_addr_sk,[1 5000.98 10000.96 15000.94 20000.92 25000.9 30000.88 35000.86 40000.84 45000.82 50000.8 55000.78 60000.76 65000.74 70000.72 75000.7 80000.68 85000.66 90000.64 95000.62 100000.6 105000.58 110000.56 115000.54 120000.52 125000.5 130000.48 135000.46 140000.44 145000.42 150000.4 155000.38 160000.36 165000.34 170000.32 175000.3 180000.28 185000.26 190000.24 195000.22 200000.2 205000.18 210000.16 215000.14 220000.12 225000.1 230000.08 235000.06 240000.04 245000.02 250000],web_returns.wr_refunded_addr_sk
42,web_returns,wr_returning_cdemo_sk,[4 38419.9 76835.8 115251.7 153667.6 192083.5 230499.4 268915.3 307331.2 345747.1 384163 422578.9 460994.8 499410.7 537826.6 576242.5 614658.4 653074.3 691490.2 729906.1 768322 806737.9 845153.8 883569.7 921985.6 960401.5 998817.4 1037233.3 1075649.2 1114065.1 1152481 1190896.9 1229312.8 1267728.7 1306144.6 1344560.5 1382976.4 1421392.3 1459808.2 1498224.1 1536640 1575055.9 1613471.8 1651887.7 1690303.6 1728719.5 1767135.4 1805551.3 1843967.2 1882383.1 1920799],web_returns.wr_returning_cdemo_sk
43,web_returns,wr_refunded_customer_sk,[1 10000.98 20000.96 30000.94 40000.92 50000.9 60000.88 70000.86 80000.84 90000.82 100000.8 110000.78 120000.76 130000.74 140000.72 150000.7 160000.68 170000.66 180000.64 190000.62 200000.6 210000.58 220000.56 230000.54 240000.52 250000.5 260000.48 270000.46 280000.44 290000.42 300000.4 310000.38 320000.36 330000.34 340000.32 350000.3 360000.28 370000.26 380000.24 390000.22 400000.2 410000.18 420000.16 430000.14 440000.12 450000.1 460000.08 470000.06 480000.04 490000.02 500000],web_returns.wr_refunded_customer_sk
44,web_returns,wr_refunded_cdemo_sk,[4 38419.9 76835.8 115251.7 153667.6 192083.5 230499.4 268915.3 307331.2 345747.1 384163 422578.9 460994.8 499410.7 537826.6 576242.5 614658.4 653074.3 691490.2 729906.1 768322 806737.9 845153.8 883569.7 921985.6 960401.5 998817.4 1037233.3 1075649.2 1114065.1 1152481 1190896.9 1229312.8 1267728.7 1306144.6 1344560.5 1382976.4 1421392.3 1459808.2 1498224.1 1536640 1575055.9 1613471.8 1651887.7 1690303.6 1728719.5 1767135.4 1805551.3 1843967.2 1882383.1 1920799],web_returns.wr_refunded_cdemo_sk
45,web_returns,wr_returning_customer_sk,[1 10000.98 20000.96 30000.94 40000.92 50000.9 60000.88 70000.86 80000.84 90000.82 100000.8 110000.78 120000.76 130000.74 140000.72 150000.7 160000.68 170000.66 180000.64 190000.62 200000.6 210000.58 220000.56 230000.54 240000.52 250000.5 260000.48 270000.46 280000.44 290000.42 300000.4 310000.38 320000.36 330000.34 340000.32 350000.3 360000.28 370000.26 380000.24 390000.22 400000.2 410000.18 420000.16 430000.14 440000.12 450000.1 460000.08 470000.06 480000.04 490000.02 500000],web_returns.wr_returning_customer_sk
46,date_dim,d_date_sk,[2415022 2416482.96 2417943.92 2419404.88 2420865.84 2422326.8 2423787.76 2425248.72 2426709.68 2428170.64 2429631.6 2431092.56 2432553.52 2434014.48 2435475.44 2436936.4 2438397.36 2439858.32 2441319.28 2442780.24 2444241.2 2445702.16 2447163.12 2448624.08 2450085.04 2451546 2453006.96 2454467.92 2455928.88 2457389.84 2458850.8 2460311.76 2461772.72 2463233.68 2464694.64 2466155.6 2467616.56 2469077.52 2470538.48 2471999.44 2473460.4 2474921.36 2476382.32 2477843.28 2479304.24 2480765.2 2482226.16 2483687.12 2485148.08 2486609.04 2488070],date_dim.d_date_sk
47,date_dim,d_current_year,[0 0 0 0 0 0 0 0 0 0 0 0 0 0 0 0 0 0 0 0 0 0 0 0 0 0 0 0 0 0 0 0 0 0 0 0 0 0 0 0 0 0 0 0 0 0 0 0 0 0 0],date_dim.d_current_year
48,date_dim,d_current_quarter,[0 0 0 0 0 0 0 0 0 0 0 0 0 0 0 0 0 0 0 0 0 0 0 0 0 0 0 0 0 0 0 0 0 0 0 0 0 0 0 0 0 0 0 0 0 0 0 0 0 0 0],date_dim.d_current_quarter
49,date_dim,d_quarter_seq,[1 17 33 49 65 81 97 113 129 145 161 177 193 209 225 241 257 273 289 305 321 337 353 369 385 401 417 433 449 465 481 497 513 529 545 561 577 593 609 625 641 657 673 689 705 721 737 753 769 785 801],date_dim.d_quarter_seq
50,date_dim,d_year,[1900 1904 1908 1912 1916 1920 1924 1928 1932 1936 1940 1944 1948 1952 1956 1960 1964 1968 1972 1976 1980 1984 1988 1992 1996 2000 2004 2008 2012 2016 2020 2024 2028 2032 2036 2040 2044 2048 2052 2056 2060 2064 2068 2072 2076 2080 2084 2088 2092 2096 2100],date_dim.d_year
51,date_dim,d_week_seq,[1 209.7 418.4 627.1 835.8 1044.5 1253.2 1461.9 1670.6 1879.3 2088 2296.7 2505.4 2714.1 2922.8 3131.5 3340.2 3548.9 3757.6 3966.3 4175 4383.7 4592.4 4801.1 5009.8 5218.5 5427.2 5635.9 5844.6 6053.3 6262 6470.7 6679.4 6888.1 7096.8 7305.5 7514.2 7722.9 7931.6 8140.3 8349 8557.7 8766.4 8975.1 9183.8 9392.5 9601.2 9809.9 10018.6 10227.3 10436],date_dim.d_week_seq
52,date_dim,d_month_seq,[0 48 96 144 192 240 288 336 384 432 480 528 576 624 672 720 768 816 864 912 960 1008 1056 1104 1152 1200 1248 1296 1344 1392 1440 1488 1536 1584 1632 1680 1728 1776 1824 1872 1920 1968 2016 2064 2112 2160 2208 2256 2304 2352 2400],date_dim.d_month_seq
53,date_dim,d_date,[0 0 0 0 0 0 0 0 0 0 0 0 0 0 0 0 0 0 0 0 0 0 0 0 0 0 0 0 0 0 0 0 0 0 0 0 0 0 0 0 0 0 0 0 0 0 0 0 0 0 0],date_dim.d_date
54,date_dim,d_current_month,[0 0 0 0 0 0 0 0 0 0 0 0 0 0 0 0 0 0 0 0 0 0 0 0 0 0 0 0 0 0 0 0 0 0 0 0 0 0 0 0 0 0 0 0 0 0 0 0 0 0 0],date_dim.d_current_month
55,date_dim,d_dow,[0 0.12 0.24 0.36 0.48 0.6 0.72 0.84 0.96 1.08 1.2 1.32 1.44 1.56 1.68 1.8 1.92 2.04 2.16 2.28 2.4 2.52 2.64 2.76 2.88 3 3.12 3.24 3.36 3.48 3.6 3.72 3.84 3.96 4.08 4.2 4.32 4.44 4.56 4.68 4.8 4.92 5.04 5.16 5.28 5.4 5.52 5.64 5.76 5.88 6],date_dim.d_dow
56,date_dim,d_fy_quarter_seq,[1 17 33 49 65 81 97 113 129 145 161 177 193 209 225 241 257 273 289 305 321 337 353 369 385 401 417 433 449 465 481 497 513 529 545 561 577 593 609 625 641 657 673 689 705 721 737 753 769 785 801],date_dim.d_fy_quarter_seq
57,date_dim,d_fy_year,[1900 1904 1908 1912 1916 1920 1924 1928 1932 1936 1940 1944 1948 1952 1956 1960 1964 1968 1972 1976 1980 1984 1988 1992 1996 2000 2004 2008 2012 2016 2020 2024 2028 2032 2036 2040 2044 2048 2052 2056 2060 2064 2068 2072 2076 2080 2084 2088 2092 2096 2100],date_dim.d_fy_year
58,date_dim,d_dom,[1 1.6 2.2 2.8 3.4 4 4.6 5.2 5.8 6.4 7 7.6 8.2 8.8 9.4 10 10.6 11.2 11.8 12.4 13 13.6 14.2 14.8 15.4 16 16.6 17.2 17.8 18.4 19 19.6 20.2 20.8 21.4 22 22.6 23.2 23.8 24.4 25 25.6 26.2 26.8 27.4 28 28.6 29.2 29.8 30.4 31],date_dim.d_dom
59,date_dim,d_fy_week_seq,[1 209.7 418.4 627.1 835.8 1044.5 1253.2 1461.9 1670.6 1879.3 2088 2296.7 2505.4 2714.1 2922.8 3131.5 3340.2 3548.9 3757.6 3966.3 4175 4383.7 4592.4 4801.1 5009.8 5218.5 5427.2 5635.9 5844.6 6053.3 6262 6470.7 6679.4 6888.1 7096.8 7305.5 7514.2 7722.9 7931.6 8140.3 8349 8557.7 8766.4 8975.1 9183.8 9392.5 9601.2 9809.9 10018.6 10227.3 10436],date_dim.d_fy_week_seq
60,date_dim,d_moy,[1 1.22 1.44 1.66 1.88 2.1 2.32 2.54 2.76 2.98 3.2 3.42 3.64 3.86 4.08 4.3 4.52 4.74 4.96 5.18 5.4 5.62 5.84 6.06 6.28 6.5 6.72 6.94 7.16 7.38 7.6 7.82 8.04 8.26 8.48 8.7 8.92 9.14 9.36 9.58 9.8 10.02 10.24 10.46 10.68 10.9 11.12 11.34 11.56 11.78 12],date_dim.d_moy
61,date_dim,d_qoy,[1 1.06 1.12 1.18 1.24 1.3 1.36 1.42 1.48 1.54 1.6 1.66 1.72 1.78 1.84 1.9 1.96 2.02 2.08 2.14 2.2 2.26 2.32 2.38 2.44 2.5 2.56 2.62 2.68 2.74 2.8 2.86 2.92 2.98 3.04 3.1 3.16 3.22 3.28 3.34 3.4 3.46 3.52 3.58 3.64 3.7 3.76 3.82 3.88 3.94 4],date_dim.d_qoy
62,date_dim,d_current_week,[0 0 0 0 0 0 0 0 0 0 0 0 0 0 0 0 0 0 0 0 0 0 0 0 0 0 0 0 0 0 0 0 0 0 0 0 0 0 0 0 0 0 0 0 0 0 0 0 0 0 0],date_dim.d_current_week
63,date_dim,d_first_dom,[2415021 2416481.98 2417942.96 2419403.94 2420864.92 2422325.9 2423786.88 2425247.86 2426708.84 2428169.82 2429630.8 2431091.78 2432552.76 2434013.74 2435474.72 2436935.7 2438396.68 2439857.66 2441318.64 2442779.62 2444240.6 2445701.58 2447162.56 2448623.54 2450084.52 2451545.5 2453006.48 2454467.46 2455928.44 2457389.42 2458850.4 2460311.38 2461772.36 2463233.34 2464694.32 2466155.3 2467616.28 2469077.26 2470538.24 2471999.22 2473460.2 2474921.18 2476382.16 2477843.14 2479304.12 2480765.1 2482226.08 2483687.06 2485148.04 2486609.02 2488070],date_dim.d_first_dom
64,date_dim,d_same_day_lq,[2414930 2416390.96 2417851.92 2419312.88 2420773.84 2422234.8 2423695.76 2425156.72 2426617.68 2428078.64 2429539.6 2431000.56 2432461.52 2433922.48 2435383.44 2436844.4 2438305.36 2439766.32 2441227.28 2442688.24 2444149.2 2445610.16 2447071.12 2448532.08 2449993.04 2451454 2452914.96 2454375.92 2455836.88 2457297.84 2458758.8 2460219.76 2461680.72 2463141.68 2464602.64 2466063.6 2467524.56 2468985.52 2470446.48 2471907.44 2473368.4 2474829.36 2476290.32 2477751.28 2479212.24 2480673.2 2482134.16 2483595.12 2485056.08 2486517.04 2487978],date_dim.d_same_day_lq
65,date_dim,d_last_dom,[2415020 2416487.04 2417954.08 2419421.12 2420888.16 2422355.2 2423822.24 2425289.28 2426756.32 2428223.36 2429690.4 2431157.44 2432624.48 2434091.52 2435558.56 2437025.6 2438492.64 2439959.68 2441426.72 2442893.76 2444360.8 2445827.84 2447294.88 2448761.92 2450228.96 2451696 2453163.04 2454630.08 2456097.12 2457564.16 2459031.2 2460498.24 2461965.28 2463432.32 2464899.36 2466366.4 2467833.44 2469300.48 2470767.52 2472234.56 2473701.6 2475168.64 2476635.68 2478102.72 2479569.76 2481036.8 2482503.84 2483970.88 2485437.92 2486904.96 2488372],date_dim.d_last_dom
66,date_dim,d_date_id,[0 0 0 0 0 0 0 0 0 0 0 0 0 0 0 0 0 0 0 0 0 0 0 0 0 0 0 0 0 0 0 0 0 0 0 0 0 0 0 0 0 0 0 0 0 0 0 0 0 0 0],date_dim.d_date_id
67,date_dim,d_same_day_ly,[2414657 2416117.96 2417578.92 2419039.88 2420500.84 2421961.8 2423422.76 2424883.72 2426344.68 2427805.64 2429266.6 2430727.56 2432188.52 2433649.48 2435110.44 2436571.4 2438032.36 2439493.32 2440954.28 2442415.24 2443876.2 2445337.16 2446798.12 2448259.08 2449720.04 2451181 2452641.96 2454102.92 2455563.88 2457024.84 2458485.8 2459946.76 2461407.72 2462868.68 2464329.64 2465790.6 2467251.56 2468712.52 2470173.48 2471634.44 2473095.4 2474556.36 2476017.32 2477478.28 2478939.24 2480400.2 2481861.16 2483322.12 2484783.08 2486244.04 2487705],date_dim.d_same_day_ly
68,date_dim,d_current_day,[0 0 0 0 0 0 0 0 0 0 0 0 0 0 0 0 0 0 0 0 0 0 0 0 0 0 0 0 0 0 0 0 0 0 0 0 0 0 0 0 0 0 0 0 0 0 0 0 0 0 0],date_dim.d_current_day
69,date_dim,d_holiday,[0 0 0 0 0 0 0 0 0 0 0 0 0 0 0 0 0 0 0 0 0 0 0 0 0 0 0 0 0 0 0 0 0 0 0 0 0 0 0 0 0 0 0 0 0 0 0 0 0 0 0],date_dim.d_holiday
70,date_dim,d_day_name,[0 0 0 0 0 0 0 0 0 0 0 0 0 0 0 0 0 0 0 0 0 0 0 0 0 0 0 0 0 0 0 0 0 0 0 0 0 0 0 0 0 0 0 0 0 0 0 0 0 0 0],date_dim.d_day_name
71,date_dim,d_following_holiday,[0 0 0 0 0 0 0 0 0 0 0 0 0 0 0 0 0 0 0 0 0 0 0 0 0 0 0 0 0 0 0 0 0 0 0 0 0 0 0 0 0 0 0 0 0 0 0 0 0 0 0],date_dim.d_following_holiday
72,date_dim,d_quarter_name,[0 0 0 0 0 0 0 0 0 0 0 0 0 0 0 0 0 0 0 0 0 0 0 0 0 0 0 0 0 0 0 0 0 0 0 0 0 0 0 0 0 0 0 0 0 0 0 0 0 0 0],date_dim.d_quarter_name
73,date_dim,d_weekend,[0 0 0 0 0 0 0 0 0 0 0 0 0 0 0 0 0 0 0 0 0 0 0 0 0 0 0 0 0 0 0 0 0 0 0 0 0 0 0 0 0 0 0 0 0 0 0 0 0 0 0],date_dim.d_weekend
74,dbgen_version,dv_version,[0 0 0 0 0 0 0 0 0 0 0 0 0 0 0 0 0 0 0 0 0 0 0 0 0 0 0 0 0 0 0 0 0 0 0 0 0 0 0 0 0 0 0 0 0 0 0 0 0 0 0],dbgen_version.dv_version
75,dbgen_version,dv_create_date,[0 0 0 0 0 0 0 0 0 0 0 0 0 0 0 0 0 0 0 0 0 0 0 0 0 0 0 0 0 0 0 0 0 0 0 0 0 0 0 0 0 0 0 0 0 0 0 0 0 0 0],dbgen_version.dv_create_date
76,dbgen_version,dv_create_time,[0 0 0 0 0 0 0 0 0 0 0 0 0 0 0 0 0 0 0 0 0 0 0 0 0 0 0 0 0 0 0 0 0 0 0 0 0 0 0 0 0 0 0 0 0 0 0 0 0 0 0],dbgen_version.dv_create_time
77,dbgen_version,dv_cmdline_args,[0 0 0 0 0 0 0 0 0 0 0 0 0 0 0 0 0 0 0 0 0 0 0 0 0 0 0 0 0 0 0 0 0 0 0 0 0 0 0 0 0 0 0 0 0 0 0 0 0 0 0],dbgen_version.dv_cmdline_args
78,call_center,cc_call_center_sk,[1 1.46 1.92 2.38 2.84 3.3 3.76 4.22 4.68 5.14 5.6 6.06 6.52 6.98 7.44 7.9 8.36 8.82 9.28 9.74 10.2 10.66 11.12 11.58 12.04 12.5 12.96 13.42 13.88 14.34 14.8 15.26 15.72 16.18 16.64 17.1 17.56 18.02 18.48 18.94 19.4 19.86 20.32 20.78 21.24 21.7 22.16 22.62 23.08 23.54 24],call_center.cc_call_center_sk
79,call_center,cc_call_center_id,[0 0 0 0 0 0 0 0 0 0 0 0 0 0 0 0 0 0 0 0 0 0 0 0 0 0 0 0 0 0 0 0 0 0 0 0 0 0 0 0 0 0 0 0 0 0 0 0 0 0 0],call_center.cc_call_center_id
80,call_center,cc_rec_start_date,[0 0 0 0 0 0 0 0 0 0 0 0 0 0 0 0 0 0 0 0 0 0 0 0 0 0 0 0 0 0 0 0 0 0 0 0 0 0 0 0 0 0 0 0 0 0 0 0 0 0 0],call_center.cc_rec_start_date
81,call_center,cc_rec_end_date,[0 0 0 0 0 0 0 0 0 0 0 0 0 0 0 0 0 0 0 0 0 0 0 0 0 0 0 0 0 0 0 0 0 0 0 0 0 0 0 0 0 0 0 0 0 0 0 0 0 0 0],call_center.cc_rec_end_date
82,call_center,cc_closed_date_sk,[0 0 0 0 0 0 0 0 0 0 0 0 0 0 0 0 0 0 0 0 0 0 0 0 0 0 0 0 0 0 0 0 0 0 0 0 0 0 0 0 0 0 0 0 0 0 0 0 0 0 0],call_center.cc_closed_date_sk
83,call_center,cc_open_date_sk,[2450806 2450812.8 2450819.6 2450826.4 2450833.2 2450840 2450846.8 2450853.6 2450860.4 2450867.2 2450874 2450880.8 2450887.6 2450894.4 2450901.2 2450908 2450914.8 2450921.6 2450928.4 2450935.2 2450942 2450948.8 2450955.6 2450962.4 2450969.2 2450976 2450982.8 2450989.6 2450996.4 2451003.2 2451010 2451016.8 2451023.6 2451030.4 2451037.2 2451044 2451050.8 2451057.6 2451064.4 2451071.2 2451078 2451084.8 2451091.6 2451098.4 2451105.2 2451112 2451118.8 2451125.6 2451132.4 2451139.2 2451146],call_center.cc_open_date_sk
84,call_center,cc_name,[0 0 0 0 0 0 0 0 0 0 0 0 0 0 0 0 0 0 0 0 0 0 0 0 0 0 0 0 0 0 0 0 0 0 0 0 0 0 0 0 0 0 0 0 0 0 0 0 0 0 0],call_center.cc_name
85,call_center,cc_class,[0 0 0 0 0 0 0 0 0 0 0 0 0 0 0 0 0 0 0 0 0 0 0 0 0 0 0 0 0 0 0 0 0 0 0 0 0 0 0 0 0 0 0 0 0 0 0 0 0 0 0],call_center.cc_class
86,call_center,cc_employees,[6 19.48 32.96 46.44 59.92 73.4 86.88 100.36 113.84 127.32 140.8 154.28 167.76 181.24 194.72 208.2 221.68 235.16 248.64 262.12 275.6 289.08 302.56 316.04 329.52 343 356.48 369.96 383.44 396.92 410.4 423.88 437.36 450.84 464.32 477.8 491.28 504.76 518.24 531.72 545.2 558.68 572.16 585.64 599.12 612.6 626.08 639.56 653.04 666.52 680],call_center.cc_employees
87,call_center,cc_sq_ft,[2724 8510.64 14297.28 20083.92 25870.56 31657.2 37443.84 43230.48 49017.12 54803.76 60590.4 66377.04 72163.68 77950.32 83736.96 89523.6 95310.24 101096.88 106883.52 112670.16 118456.8 124243.44 130030.08 135816.72 141603.36 147390 153176.64 158963.28 164749.92 170536.56 176323.2 182109.84 187896.48 193683.12 199469.76 205256.4 211043.04 216829.68 222616.32 228402.96 234189.6 239976.24 245762.88 251549.52 257336.16 263122.8 268909.44 274696.08 280482.72 286269.36 292056],call_center.cc_sq_ft
88,call_center,cc_hours,[0 0 0 0 0 0 0 0 0 0 0 0 0 0 0 0 0 0 0 0 0 0 0 0 0 0 0 0 0 0 0 0 0 0 0 0 0 0 0 0 0 0 0 0 0 0 0 0 0 0 0],call_center.cc_hours
89,call_center,cc_manager,[0 0 0 0 0 0 0 0 0 0 0 0 0 0 0 0 0 0 0 0 0 0 0 0 0 0 0 0 0 0 0 0 0 0 0 0 0 0 0 0 0 0 0 0 0 0 0 0 0 0 0],call_center.cc_manager
90,call_center,cc_mkt_id,[2 2.08 2.16 2.24 2.32 2.4 2.48 2.56 2.64 2.72 2.8 2.88 2.96 3.04 3.12 3.2 3.28 3.36 3.44 3.52 3.6 3.68 3.76 3.84 3.92 4 4.08 4.16 4.24 4.32 4.4 4.48 4.56 4.64 4.72 4.8 4.88 4.96 5.04 5.12 5.2 5.28 5.36 5.44 5.52 5.6 5.68 5.76 5.84 5.92 6],call_center.cc_mkt_id
91,call_center,cc_mkt_class,[0 0 0 0 0 0 0 0 0 0 0 0 0 0 0 0 0 0 0 0 0 0 0 0 0 0 0 0 0 0 0 0 0 0 0 0 0 0 0 0 0 0 0 0 0 0 0 0 0 0 0],call_center.cc_mkt_class
92,call_center,cc_mkt_desc,[0 0 0 0 0 0 0 0 0 0 0 0 0 0 0 0 0 0 0 0 0 0 0 0 0 0 0 0 0 0 0 0 0 0 0 0 0 0 0 0 0 0 0 0 0 0 0 0 0 0 0],call_center.cc_mkt_desc
93,call_center,cc_market_manager,[0 0 0 0 0 0 0 0 0 0 0 0 0 0 0 0 0 0 0 0 0 0 0 0 0 0 0 0 0 0 0 0 0 0 0 0 0 0 0 0 0 0 0 0 0 0 0 0 0 0 0],call_center.cc_market_manager
94,call_center,cc_division,[1 1.1 1.2 1.3 1.4 1.5 1.6 1.7 1.8 1.9 2 2.1 2.2 2.3 2.4 2.5 2.6 2.7 2.8 2.9 3 3.1 3.2 3.3 3.4 3.5 3.6 3.7 3.8 3.9 4 4.1 4.2 4.3 4.4 4.5 4.6 4.7 4.8 4.9 5 5.1 5.2 5.3 5.4 5.5 5.6 5.7 5.8 5.9 6],call_center.cc_division
95,call_center,cc_division_name,[0 0 0 0 0 0 0 0 0 0 0 0 0 0 0 0 0 0 0 0 0 0 0 0 0 0 0 0 0 0 0 0 0 0 0 0 0 0 0 0 0 0 0 0 0 0 0 0 0 0 0],call_center.cc_division_name
96,call_center,cc_company,[1 1.1 1.2 1.3 1.4 1.5 1.6 1.7 1.8 1.9 2 2.1 2.2 2.3 2.4 2.5 2.6 2.7 2.8 2.9 3 3.1 3.2 3.3 3.4 3.5 3.6 3.7 3.8 3.9 4 4.1 4.2 4.3 4.4 4.5 4.6 4.7 4.8 4.9 5 5.1 5.2 5.3 5.4 5.5 5.6 5.7 5.8 5.9 6],call_center.cc_company
97,call_center,cc_company_name,[0 0 0 0 0 0 0 0 0 0 0 0 0 0 0 0 0 0 0 0 0 0 0 0 0 0 0 0 0 0 0 0 0 0 0 0 0 0 0 0 0 0 0 0 0 0 0 0 0 0 0],call_center.cc_company_name
98,call_center,cc_street_number,[406 417.56 429.12 440.68 452.24 463.8 475.36 486.92 498.48 510.04 521.6 533.16 544.72 556.28 567.84 579.4 590.96 602.52 614.08 625.64 637.2 648.76 660.32 671.88 683.44 695 706.56 718.12 729.68 741.24 752.8 764.36 775.92 787.48 799.04 810.6 822.16 833.72 845.28 856.84 868.4 879.96 891.52 903.08 914.64 926.2 937.76 949.32 960.88 972.44 984],call_center.cc_street_number
99,call_center,cc_street_name,[0 0 0 0 0 0 0 0 0 0 0 0 0 0 0 0 0 0 0 0 0 0 0 0 0 0 0 0 0 0 0 0 0 0 0 0 0 0 0 0 0 0 0 0 0 0 0 0 0 0 0],call_center.cc_street_name
100,call_center,cc_street_type,[0 0 0 0 0 0 0 0 0 0 0 0 0 0 0 0 0 0 0 0 0 0 0 0 0 0 0 0 0 0 0 0 0 0 0 0 0 0 0 0 0 0 0 0 0 0 0 0 0 0 0],call_center.cc_street_type
101,call_center,cc_suite_number,[0 0 0 0 0 0 0 0 0 0 0 0 0 0 0 0 0 0 0 0 0 0 0 0 0 0 0 0 0 0 0 0 0 0 0 0 0 0 0 0 0 0 0 0 0 0 0 0 0 0 0],call_center.cc_suite_number
102,call_center,cc_city,[0 0 0 0 0 0 0 0 0 0 0 0 0 0 0 0 0 0 0 0 0 0 0 0 0 0 0 0 0 0 0 0 0 0 0 0 0 0 0 0 0 0 0 0 0 0 0 0 0 0 0],call_center.cc_city
103,call_center,cc_county,[0 0 0 0 0 0 0 0 0 0 0 0 0 0 0 0 0 0 0 0 0 0 0 0 0 0 0 0 0 0 0 0 0 0 0 0 0 0 0 0 0 0 0 0 0 0 0 0 0 0 0],call_center.cc_county
104,call_center,cc_state,[0 0 0 0 0 0 0 0 0 0 0 0 0 0 0 0 0 0 0 0 0 0 0 0 0 0 0 0 0 0 0 0 0 0 0 0 0 0 0 0 0 0 0 0 0 0 0 0 0 0 0],call_center.cc_state
105,call_center,cc_zip,[31904 32450.54 32997.08 33543.62 34090.16 34636.7 35183.24 35729.78 36276.32 36822.86 37369.4 37915.94 38462.48 39009.02 39555.56 40102.1 40648.64 41195.18 41741.72 42288.26 42834.8 43381.34 43927.88 44474.42 45020.96 45567.5 46114.04 46660.58 47207.12 47753.66 48300.2 48846.74 49393.28 49939.82 50486.36 51032.9 51579.44 52125.98 52672.52 53219.06 53765.6 54312.14 54858.68 55405.22 55951.76 56498.3 57044.84 57591.38 58137.92 58684.46 59231],call_center.cc_zip
106,call_center,cc_country,[0 0 0 0 0 0 0 0 0 0 0 0 0 0 0 0 0 0 0 0 0 0 0 0 0 0 0 0 0 0 0 0 0 0 0 0 0 0 0 0 0 0 0 0 0 0 0 0 0 0 0],call_center.cc_country
107,call_center,cc_gmt_offset,[-6 -5.98 -5.96 -5.94 -5.92 -5.9 -5.88 -5.86 -5.84 -5.82 -5.8 -5.78 -5.76 -5.74 -5.72 -5.7 -5.68 -5.66 -5.64 -5.62 -5.6 -5.58 -5.56 -5.54 -5.52 -5.5 -5.48 -5.46 -5.44 -5.42 -5.4 -5.38 -5.36 -5.34 -5.32 -5.3 -5.28 -5.26 -5.24 -5.22 -5.2 -5.18 -5.16 -5.14 -5.12 -5.1 -5.08 -5.06 -5.04 -5.02 -5],call_center.cc_gmt_offset
108,call_center,cc_tax_percentage,[0 0.0024 0.0048 0.0072 0.0096 0.012 0.0144 0.0168 0.0192 0.0216 0.024 0.0264 0.0288 0.0312 0.0336 0.036 0.0384 0.0408 0.0432 0.0456 0.048 0.0504 0.0528 0.0552 0.0576 0.06 0.0624 0.0648 0.0672 0.0696 0.072 0.0744 0.0768 0.0792 0.0816 0.084 0.0864 0.0888 0.0912 0.0936 0.096 0.0984 0.1008 0.1032 0.1056 0.108 0.1104 0.1128 0.1152 0.1176 0.12],call_center.cc_tax_percentage
109,web_sales,ws_warehouse_sk,[1 1.18 1.36 1.54 1.72 1.9 2.08 2.26 2.44 2.62 2.8 2.98 3.16 3.34 3.52 3.7 3.88 4.06 4.24 4.42 4.6 4.78 4.96 5.14 5.32 5.5 5.68 5.86 6.04 6.22 6.4 6.58 6.76 6.94 7.12 7.3 7.48 7.66 7.84 8.02 8.2 8.38 8.56 8.74 8.92 9.1 9.28 9.46 9.64 9.82 10],web_sales.ws_warehouse_sk
110,web_sales,ws_ship_mode_sk,[1 1.38 1.76 2.14 2.52 2.9 3.28 3.66 4.04 4.42 4.8 5.18 5.56 5.94 6.32 6.7 7.08 7.46 7.84 8.22 8.6 8.98 9.36 9.74 10.12 10.5 10.88 11.26 11.64 12.02 12.4 12.78 13.16 13.54 13.92 14.3 14.68 15.06 15.44 15.82 16.2 16.58 16.96 17.34 17.72 18.1 18.48 18.86 19.24 19.62 20],web_sales.ws_ship_mode_sk
111,web_sales,ws_web_site_sk,[1 1.82 2.64 3.46 4.28 5.1 5.92 6.74 7.56 8.38 9.2 10.02 10.84 11.66 12.48 13.3 14.12 14.94 15.76 16.58 17.4 18.22 19.04 19.86 20.68 21.5 22.32 23.14 23.96 24.78 25.6 26.42 27.24 28.06 28.88 29.7 30.52 31.34 32.16 32.98 33.8 34.62 35.44 36.26 37.08 37.9 38.72 39.54 40.36 41.18 42],web_sales.ws_web_site_sk
112,web_sales,ws_quantity,[1 2.98 4.96 6.94 8.92 10.9 12.88 14.86 16.84 18.82 20.8 22.78 24.76 26.74 28.72 30.7 32.68 34.66 36.64 38.62 40.6 42.58 44.56 46.54 48.52 50.5 52.48 54.46 56.44 58.42 60.4 62.38 64.36 66.34 68.32 70.3 72.28 74.26 76.24 78.22 80.2 82.18 84.16 86.14 88.12 90.1 92.08 94.06 96.04 98.02 100],web_sales.ws_quantity
113,web_sales,ws_web_page_sk,[1 4.98 8.96 12.94 16.92 20.9 24.88 28.86 32.84 36.82 40.8 44.78 48.76 52.74 56.72 60.7 64.68 68.66 72.64 76.62 80.6 84.58 88.56 92.54 96.52 100.5 104.48 108.46 112.44 116.42 120.4 124.38 128.36 132.34 136.32 140.3 144.28 148.26 152.24 156.22 160.2 164.18 168.16 172.14 176.12 180.1 184.08 188.06 192.04 196.02 200],web_sales.ws_web_page_sk
114,web_sales,ws_wholesale_cost,[1 2.98 4.96 6.94 8.92 10.9 12.88 14.86 16.84 18.82 20.8 22.78 24.76 26.74 28.72 30.7 32.68 34.66 36.64 38.62 40.6 42.58 44.56 46.54 48.52 50.5 52.48 54.46 56.44 58.42 60.4 62.38 64.36 66.34 68.32 70.3 72.28 74.26 76.24 78.22 80.2 82.18 84.16 86.14 88.12 90.1 92.08 94.06 96.04 98.02 100],web_sales.ws_wholesale_cost
115,web_sales,ws_ext_discount_amt,[0 586.34 1172.68 1759.02 2345.36 2931.7 3518.04 4104.38 4690.72 5277.06 5863.4 6449.74 7036.08 7622.42 8208.76 8795.1 9381.44 9967.78 10554.12 11140.46 11726.8 12313.14 12899.48 13485.82 14072.16 14658.5 15244.84 15831.18 16417.52 17003.86 17590.2 18176.54 18762.88 19349.22 19935.56 20521.9 21108.24 21694.58 22280.92 22867.26 23453.6 24039.94 24626.28 25212.62 25798.96 26385.3 26971.64 27557.98 28144.32 28730.66 29317],web_sales.ws_ext_discount_amt
116,web_sales,ws_sales_price,[0 5.9988 11.9976 17.9964 23.9952 29.994 35.9928 41.9916 47.9904 53.9892 59.988 65.9868 71.9856 77.9844 83.9832 89.982 95.9808 101.9796 107.9784 113.9772 119.976 125.9748 131.9736 137.9724 143.9712 149.97 155.9688 161.9676 167.9664 173.9652 179.964 185.9628 191.9616 197.9604 203.9592 209.958 215.9568 221.9556 227.9544 233.9532 239.952 245.9508 251.9496 257.9484 263.9472 269.946 275.9448 281.9436 287.9424 293.9412 299.94],web_sales.ws_sales_price
117,web_sales,ws_list_price,[1 6.98 12.96 18.94 24.92 30.9 36.88 42.86 48.84 54.82 60.8 66.78 72.76 78.74 84.72 90.7 96.68 102.66 108.64 114.62 120.6 126.58 132.56 138.54 144.52 150.5 156.48 162.46 168.44 174.42 180.4 186.38 192.36 198.34 204.32 210.3 216.28 222.26 228.24 234.22 240.2 246.18 252.16 258.14 264.12 270.1 276.08 282.06 288.04 294.02 300],web_sales.ws_list_price
118,web_sales,ws_promo_sk,[1 10.98 20.96 30.94 40.92 50.9 60.88 70.86 80.84 90.82 100.8 110.78 120.76 130.74 140.72 150.7 160.68 170.66 180.64 190.62 200.6 210.58 220.56 230.54 240.52 250.5 260.48 270.46 280.44 290.42 300.4 310.38 320.36 330.34 340.32 350.3 360.28 370.26 380.24 390.22 400.2 410.18 420.16 430.14 440.12 450.1 460.08 470.06 480.04 490.02 500],web_sales.ws_promo_sk
119,web_sales,ws_ext_sales_price,[0 574.54 1149.08 1723.62 2298.16 2872.7 3447.24 4021.78 4596.32 5170.86 5745.4 6319.94 6894.48 7469.02 8043.56 8618.1 9192.64 9767.18 10341.72 10916.26 11490.8 12065.34 12639.88 13214.42 13788.96 14363.5 14938.04 15512.58 16087.12 16661.66 17236.2 17810.74 18385.28 18959.82 19534.36 20108.9 20683.44 21257.98 21832.52 22407.06 22981.6 23556.14 24130.68 24705.22 25279.76 25854.3 26428.84 27003.38 27577.92 28152.46 28727],web_sales.ws_ext_sales_price
120,web_sales,ws_item_sk,[1 2040.98 4080.96 6120.94 8160.92 10200.9 12240.88 14280.86 16320.84 18360.82 20400.8 22440.78 24480.76 26520.74 28560.72 30600.7 32640.68 34680.66 36720.64 38760.62 40800.6 42840.58 44880.56 46920.54 48960.52 51000.5 53040.48 55080.46 57120.44 59160.42 61200.4 63240.38 65280.36 67320.34 69360.32 71400.3 73440.28 75480.26 77520.24 79560.22 81600.2 83640.18 85680.16 87720.14 89760.12 91800.1 93840.08 95880.06 97920.04 99960.02 102000],web_sales.ws_item_sk
121,web_sales,ws_ext_wholesale_cost,[1 200.98 400.96 600.94 800.92 1000.9 1200.88 1400.86 1600.84 1800.82 2000.8 2200.78 2400.76 2600.74 2800.72 3000.7 3200.68 3400.66 3600.64 3800.62 4000.6 4200.58 4400.56 4600.54 4800.52 5000.5 5200.48 5400.46 5600.44 5800.42 6000.4 6200.38 6400.36 6600.34 6800.32 7000.3 7200.28 7400.26 7600.24 7800.22 8000.2 8200.18 8400.16 8600.14 8800.12 9000.1 9200.08 9400.06 9600.04 9800.02 10000],web_sales.ws_ext_wholesale_cost
122,web_sales,ws_sold_date_sk,[2450816 2450852.52 2450889.04 2450925.56 2450962.08 2450998.6 2451035.12 2451071.64 2451108.16 2451144.68 2451181.2 2451217.72 2451254.24 2451290.76 2451327.28 2451363.8 2451400.32 2451436.84 2451473.36 2451509.88 2451546.4 2451582.92 2451619.44 2451655.96 2451692.48 2451729 2451765.52 2451802.04 2451838.56 2451875.08 2451911.6 2451948.12 2451984.64 2452021.16 2452057.68 2452094.2 2452130.72 2452167.24 2452203.76 2452240.28 2452276.8 2452313.32 2452349.84 2452386.36 2452422.88 2452459.4 2452495.92 2452532.44 2452568.96 2452605.48 2452642],web_sales.ws_sold_date_sk
123,web_sales,ws_ext_list_price,[1.08 600.4584 1199.8368 1799.2152 2398.5936 2997.972 3597.3504 4196.7288 4796.1072 5395.4856 5994.864 6594.2424 7193.6208 7792.9992 8392.3776 8991.756 9591.1344 10190.5128 10789.8912 11389.2696 11988.648 12588.0264 13187.4048 13786.7832 14386.1616 14985.54 15584.9184 16184.2968 16783.6752 17383.0536 17982.432 18581.8104 19181.1888 19780.5672 20379.9456 20979.324 21578.7024 22178.0808 22777.4592 23376.8376 23976.216 24575.5944 25174.9728 25774.3512 26373.7296 26973.108 27572.4864 28171.8648 28771.2432 29370.6216 29970],web_sales.ws_ext_list_price
124,web_sales,ws_ext_ship_cost,[0 291.4 582.8 874.2 1165.6 1457 1748.4 2039.8 2331.2 2622.6 2914 3205.4 3496.8 3788.2 4079.6 4371 4662.4 4953.8 5245.2 5536.6 5828 6119.4 6410.8 6702.2 6993.6 7285 7576.4 7867.8 8159.2 8450.6 8742 9033.4 9324.8 9616.2 9907.6 10199 10490.4 10781.8 11073.2 11364.6 11656 11947.4 12238.8 12530.2 12821.6 13113 13404.4 13695.8 13987.2 14278.6 14570],web_sales.ws_ext_ship_cost
125,web_sales,ws_coupon_amt,[0 543.21 1086.42 1629.63 2172.84 2716.05 3259.26 3802.47 4345.68 4888.89 5432.1 5975.31 6518.52 7061.73 7604.94 8148.15 8691.36 9234.57 9777.78 10320.99 10864.2 11407.41 11950.62 12493.83 13037.04 13580.25 14123.46 14666.67 15209.88 15753.09 16296.3 16839.51 17382.72 17925.93 18469.14 19012.35 19555.56 20098.77 20641.98 21185.19 21728.4 22271.61 22814.82 23358.03 23901.24 24444.45 24987.66 25530.87 26074.08 26617.29 27160.5],web_sales.ws_coupon_amt
126,web_sales,ws_ext_tax,[0 50.5588 101.1176 151.6764 202.2352 252.794 303.3528 353.9116 404.4704 455.0292 505.588 556.1468 606.7056 657.2644 707.8232 758.382 808.9408 859.4996 910.0584 960.6172 1011.176 1061.7348 1112.2936 1162.8524 1213.4112 1263.97 1314.5288 1365.0876 1415.6464 1466.2052 1516.764 1567.3228 1617.8816 1668.4404 1718.9992 1769.558 1820.1168 1870.6756 1921.2344 1971.7932 2022.352 2072.9108 2123.4696 2174.0284 2224.5872 2275.146 2325.7048 2376.2636 2426.8224 2477.3812 2527.94],web_sales.ws_ext_tax
127,web_sales,ws_ship_date_sk,[2450817 2450855.9 2450894.8 2450933.7 2450972.6 2451011.5 2451050.4 2451089.3 2451128.2 2451167.1 2451206 2451244.9 2451283.8 2451322.7 2451361.6 2451400.5 2451439.4 2451478.3 2451517.2 2451556.1 2451595 2451633.9 2451672.8 2451711.7 2451750.6 2451789.5 2451828.4 2451867.3 2451906.2 2451945.1 2451984 2452022.9 2452061.8 2452100.7 2452139.6 2452178.5 2452217.4 2452256.3 2452295.2 2452334.1 2452373 2452411.9 2452450.8 2452489.7 2452528.6 2452567.5 2452606.4 2452645.3 2452684.2 2452723.1 2452762],web_sales.ws_ship_date_sk
128,web_sales,ws_sold_time_sk,[0 1727.96 3455.92 5183.88 6911.84 8639.8 10367.76 12095.72 13823.68 15551.64 17279.6 19007.56 20735.52 22463.48 24191.44 25919.4 27647.36 29375.32 31103.28 32831.24 34559.2 36287.16 38015.12 39743.08 41471.04 43199 44926.96 46654.92 48382.88 50110.84 51838.8 53566.76 55294.72 57022.68 58750.64 60478.6 62206.56 63934.52 65662.48 67390.44 69118.4 70846.36 72574.32 74302.28 76030.24 77758.2 79486.16 81214.12 82942.08 84670.04 86398],web_sales.ws_sold_time_sk
129,web_sales,ws_net_paid_inc_tax,[0 616.4286 1232.8572 1849.2858 2465.7144 3082.143 3698.5716 4315.0002 4931.4288 5547.8574 6164.286 6780.7146 7397.1432 8013.5718 8630.0004 9246.429 9862.8576 10479.2862 11095.7148 11712.1434 12328.572 12945.0006 13561.4292 14177.8578 14794.2864 15410.715 16027.1436 16643.5722 17260.0008 17876.4294 18492.858 19109.2866 19725.7152 20342.1438 20958.5724 21575.001 22191.4296 22807.8582 23424.2868 24040.7154 24657.144 25273.5726 25890.0012 26506.4298 27122.8584 27739.287 28355.7156 28972.1442 29588.5728 30205.0014 30821.43],web_sales.ws_net_paid_inc_tax
130,web_sales,ws_order_number,[1 12000.98 24000.96 36000.94 48000.92 60000.9 72000.88 84000.86 96000.84 108000.82 120000.8 132000.78 144000.76 156000.74 168000.72 180000.7 192000.68 204000.66 216000.64 228000.62 240000.6 252000.58 264000.56 276000.54 288000.52 300000.5 312000.48 324000.46 336000.44 348000.42 360000.4 372000.38 384000.36 396000.34 408000.32 420000.3 432000.28 444000.26 456000.24 468000.22 480000.2 492000.18 504000.16 516000.14 528000.12 540000.1 552000.08 564000.06 576000.04 588000.02 600000],web_sales.ws_order_number
131,web_sales,ws_net_paid,[0 574.54 1149.08 1723.62 2298.16 2872.7 3447.24 4021.78 4596.32 5170.86 5745.4 6319.94 6894.48 7469.02 8043.56 8618.1 9192.64 9767.18 10341.72 10916.26 11490.8 12065.34 12639.88 13214.42 13788.96 14363.5 14938.04 15512.58 16087.12 16661.66 17236.2 17810.74 18385.28 18959.82 19534.36 20108.9 20683.44 21257.98 21832.52 22407.06 22981.6 23556.14 24130.68 24705.22 25279.76 25854.3 26428.84 27003.38 27577.92 28152.46 28727],web_sales.ws_net_paid
132,web_sales,ws_ship_hdemo_sk,[1 144.98 288.96 432.94 576.92 720.9 864.88 1008.86 1152.84 1296.82 1440.8 1584.78 1728.76 1872.74 2016.72 2160.7 2304.68 2448.66 2592.64 2736.62 2880.6 3024.58 3168.56 3312.54 3456.52 3600.5 3744.48 3888.46 4032.44 4176.42 4320.4 4464.38 4608.36 4752.34 4896.32 5040.3 5184.28 5328.26 5472.24 5616.22 5760.2 5904.18 6048.16 6192.14 6336.12 6480.1 6624.08 6768.06 6912.04 7056.02 7200],web_sales.ws_ship_hdemo_sk
133,web_sales,ws_bill_cdemo_sk,[3 38418.94 76834.88 115250.82 153666.76 192082.7 230498.64 268914.58 307330.52 345746.46 384162.4 422578.34 460994.28 499410.22 537826.16 576242.1 614658.04 653073.98 691489.92 729905.86 768321.8 806737.74 845153.68 883569.62 921985.56 960401.5 998817.44 1037233.38 1075649.32 1114065.26 1152481.2 1190897.14 1229313.08 1267729.02 1306144.96 1344560.9 1382976.84 1421392.78 1459808.72 1498224.66 1536640.6 1575056.54 1613472.48 1651888.42 1690304.36 1728720.3 1767136.24 1805552.18 1843968.12 1882384.06 1920800],web_sales.ws_bill_cdemo_sk
134,web_sales,ws_net_paid_inc_ship,[0 834.68 1669.36 2504.04 3338.72 4173.4 5008.08 5842.76 6677.44 7512.12 8346.8 9181.48 10016.16 10850.84 11685.52 12520.2 13354.88 14189.56 15024.24 15858.92 16693.6 17528.28 18362.96 19197.64 20032.32 20867 21701.68 22536.36 23371.04 24205.72 25040.4 25875.08 26709.76 27544.44 28379.12 29213.8 30048.48 30883.16 31717.84 32552.52 33387.2 34221.88 35056.56 35891.24 36725.92 37560.6 38395.28 39229.96 40064.64 40899.32 41734],web_sales.ws_net_paid_inc_ship
135,web_sales,ws_net_paid_inc_ship_tax,[0 870.103 1740.206 2610.309 3480.412 4350.515 5220.618 6090.721 6960.824 7830.927 8701.03 9571.133 10441.236 11311.339 12181.442 13051.545 13921.648 14791.751 15661.854 16531.957 17402.06 18272.163 19142.266 20012.369 20882.472 21752.575 22622.678 23492.781 24362.884 25232.987 26103.09 26973.193 27843.296 28713.399 29583.502 30453.605 31323.708 32193.811 33063.914 33934.017 34804.12 35674.223 36544.326 37414.429 38284.532 39154.635 40024.738 40894.841 41764.944 42635.047 43505.15],web_sales.ws_net_paid_inc_ship_tax
136,web_sales,ws_ship_cdemo_sk,[3 38418.92 76834.84 115250.76 153666.68 192082.6 230498.52 268914.44 307330.36 345746.28 384162.2 422578.12 460994.04 499409.96 537825.88 576241.8 614657.72 653073.64 691489.56 729905.48 768321.4 806737.32 845153.24 883569.16 921985.08 960401 998816.92 1037232.84 1075648.76 1114064.68 1152480.6 1190896.52 1229312.44 1267728.36 1306144.28 1344560.2 1382976.12 1421392.04 1459807.96 1498223.88 1536639.8 1575055.72 1613471.64 1651887.56 1690303.48 1728719.4 1767135.32 1805551.24 1843967.16 1882383.08 1920799],web_sales.ws_ship_cdemo_sk
137,web_sales,ws_net_profit,[-9981 -9403.58 -8826.16 -8248.74 -7671.32 -7093.9 -6516.48 -5939.06 -5361.64 -4784.22 -4206.8 -3629.38 -3051.96 -2474.54 -1897.12 -1319.7 -742.28 -164.86 412.56 989.98 1567.4 2144.82 2722.24 3299.66 3877.08 4454.5 5031.92 5609.34 6186.76 6764.18 7341.6 7919.02 8496.44 9073.86 9651.28 10228.7 10806.12 11383.54 11960.96 12538.38 13115.8 13693.22 14270.64 14848.06 15425.48 16002.9 16580.32 17157.74 17735.16 18312.58 18890],web_sales.ws_net_profit
138,web_sales,ws_bill_customer_sk,[2 10001.92 20001.84 30001.76 40001.68 50001.6 60001.52 70001.44 80001.36 90001.28 100001.2 110001.12 120001.04 130000.96 140000.88 150000.8 160000.72 170000.64 180000.56 190000.48 200000.4 210000.32 220000.24 230000.16 240000.08 250000 259999.92 269999.84 279999.76 289999.68 299999.6 309999.52 319999.44 329999.36 339999.28 349999.2 359999.12 369999.04 379998.96 389998.88 399998.8 409998.72 419998.64 429998.56 439998.48 449998.4 459998.32 469998.24 479998.16 489998.08 499998],web_sales.ws_bill_customer_sk
139,web_sales,ws_ship_customer_sk,[4 10003.92 20003.84 30003.76 40003.68 50003.6 60003.52 70003.44 80003.36 90003.28 100003.2 110003.12 120003.04 130002.96 140002.88 150002.8 160002.72 170002.64 180002.56 190002.48 200002.4 210002.32 220002.24 230002.16 240002.08 250002 260001.92 270001.84 280001.76 290001.68 300001.6 310001.52 320001.44 330001.36 340001.28 350001.2 360001.12 370001.04 380000.96 390000.88 400000.8 410000.72 420000.64 430000.56 440000.48 450000.4 460000.32 470000.24 480000.16 490000.08 500000],web_sales.ws_ship_customer_sk
140,web_sales,ws_bill_addr_sk,[1 5000.98 10000.96 15000.94 20000.92 25000.9 30000.88 35000.86 40000.84 45000.82 50000.8 55000.78 60000.76 65000.74 70000.72 75000.7 80000.68 85000.66 90000.64 95000.62 100000.6 105000.58 110000.56 115000.54 120000.52 125000.5 130000.48 135000.46 140000.44 145000.42 150000.4 155000.38 160000.36 165000.34 170000.32 175000.3 180000.28 185000.26 190000.24 195000.22 200000.2 205000.18 210000.16 215000.14 220000.12 225000.1 230000.08 235000.06 240000.04 245000.02 250000],web_sales.ws_bill_addr_sk
141,web_sales,ws_bill_hdemo_sk,[1 144.98 288.96 432.94 576.92 720.9 864.88 1008.86 1152.84 1296.82 1440.8 1584.78 1728.76 1872.74 2016.72 2160.7 2304.68 2448.66 2592.64 2736.62 2880.6 3024.58 3168.56 3312.54 3456.52 3600.5 3744.48 3888.46 4032.44 4176.42 4320.4 4464.38 4608.36 4752.34 4896.32 5040.3 5184.28 5328.26 5472.24 5616.22 5760.2 5904.18 6048.16 6192.14 6336.12 6480.1 6624.08 6768.06 6912.04 7056.02 7200],web_sales.ws_bill_hdemo_sk
142,web_sales,ws_ship_addr_sk,[1 5000.98 10000.96 15000.94 20000.92 25000.9 30000.88 35000.86 40000.84 45000.82 50000.8 55000.78 60000.76 65000.74 70000.72 75000.7 80000.68 85000.66 90000.64 95000.62 100000.6 105000.58 110000.56 115000.54 120000.52 125000.5 130000.48 135000.46 140000.44 145000.42 150000.4 155000.38 160000.36 165000.34 170000.32 175000.3 180000.28 185000.26 190000.24 195000.22 200000.2 205000.18 210000.16 215000.14 220000.12 225000.1 230000.08 235000.06 240000.04 245000.02 250000],web_sales.ws_ship_addr_sk
143,household_demographics,hd_demo_sk,[1 144.98 288.96 432.94 576.92 720.9 864.88 1008.86 1152.84 1296.82 1440.8 1584.78 1728.76 1872.74 2016.72 2160.7 2304.68 2448.66 2592.64 2736.62 2880.6 3024.58 3168.56 3312.54 3456.52 3600.5 3744.48 3888.46 4032.44 4176.42 4320.4 4464.38 4608.36 4752.34 4896.32 5040.3 5184.28 5328.26 5472.24 5616.22 5760.2 5904.18 6048.16 6192.14 6336.12 6480.1 6624.08 6768.06 6912.04 7056.02 7200],household_demographics.hd_demo_sk
144,household_demographics,hd_income_band_sk,[1 1.38 1.76 2.14 2.52 2.9 3.28 3.66 4.04 4.42 4.8 5.18 5.56 5.94 6.32 6.7 7.08 7.46 7.84 8.22 8.6 8.98 9.36 9.74 10.12 10.5 10.88 11.26 11.64 12.02 12.4 12.78 13.16 13.54 13.92 14.3 14.68 15.06 15.44 15.82 16.2 16.58 16.96 17.34 17.72 18.1 18.48 18.86 19.24 19.62 20],household_demographics.hd_income_band_sk
145,household_demographics,hd_buy_potential,[0 0 0 0 0 0 0 0 0 0 0 0 0 0 0 0 0 0 0 0 0 0 0 0 0 0 0 0 0 0 0 0 0 0 0 0 0 0 0 0 0 0 0 0 0 0 0 0 0 0 0],household_demographics.hd_buy_potential
146,household_demographics,hd_dep_count,[0 0.18 0.36 0.54 0.72 0.9 1.08 1.26 1.44 1.62 1.8 1.98 2.16 2.34 2.52 2.7 2.88 3.06 3.24 3.42 3.6 3.78 3.96 4.14 4.32 4.5 4.68 4.86 5.04 5.22 5.4 5.58 5.76 5.94 6.12 6.3 6.48 6.66 6.84 7.02 7.2 7.38 7.56 7.74 7.92 8.1 8.28 8.46 8.64 8.82 9],household_demographics.hd_dep_count
147,household_demographics,hd_vehicle_count,[-1 -0.9 -0.8 -0.7 -0.6 -0.5 -0.4 -0.3 -0.2 -0.1 0 0.1 0.2 0.3 0.4 0.5 0.6 0.7 0.8 0.9 1 1.1 1.2 1.3 1.4 1.5 1.6 1.7 1.8 1.9 2 2.1 2.2 2.3 2.4 2.5 2.6 2.7 2.8 2.9 3 3.1 3.2 3.3 3.4 3.5 3.6 3.7 3.8 3.9 4],household_demographics.hd_vehicle_count
148,ship_mode,sm_ship_mode_sk,[1 1.38 1.76 2.14 2.52 2.9 3.28 3.66 4.04 4.42 4.8 5.18 5.56 5.94 6.32 6.7 7.08 7.46 7.84 8.22 8.6 8.98 9.36 9.74 10.12 10.5 10.88 11.26 11.64 12.02 12.4 12.78 13.16 13.54 13.92 14.3 14.68 15.06 15.44 15.82 16.2 16.58 16.96 17.34 17.72 18.1 18.48 18.86 19.24 19.62 20],ship_mode.sm_ship_mode_sk
149,ship_mode,sm_ship_mode_id,[0 0 0 0 0 0 0 0 0 0 0 0 0 0 0 0 0 0 0 0 0 0 0 0 0 0 0 0 0 0 0 0 0 0 0 0 0 0 0 0 0 0 0 0 0 0 0 0 0 0 0],ship_mode.sm_ship_mode_id
150,ship_mode,sm_type,[0 0 0 0 0 0 0 0 0 0 0 0 0 0 0 0 0 0 0 0 0 0 0 0 0 0 0 0 0 0 0 0 0 0 0 0 0 0 0 0 0 0 0 0 0 0 0 0 0 0 0],ship_mode.sm_type
151,ship_mode,sm_code,[0 0 0 0 0 0 0 0 0 0 0 0 0 0 0 0 0 0 0 0 0 0 0 0 0 0 0 0 0 0 0 0 0 0 0 0 0 0 0 0 0 0 0 0 0 0 0 0 0 0 0],ship_mode.sm_code
152,ship_mode,sm_carrier,[0 0 0 0 0 0 0 0 0 0 0 0 0 0 0 0 0 0 0 0 0 0 0 0 0 0 0 0 0 0 0 0 0 0 0 0 0 0 0 0 0 0 0 0 0 0 0 0 0 0 0],ship_mode.sm_carrier
153,ship_mode,sm_contract,[0 0 0 0 0 0 0 0 0 0 0 0 0 0 0 0 0 0 0 0 0 0 0 0 0 0 0 0 0 0 0 0 0 0 0 0 0 0 0 0 0 0 0 0 0 0 0 0 0 0 0],ship_mode.sm_contract
154,customer_demographics,cd_demo_sk,[1 38416.98 76832.96 115248.94 153664.92 192080.9 230496.88 268912.86 307328.84 345744.82 384160.8 422576.78 460992.76 499408.74 537824.72 576240.7 614656.68 653072.66 691488.64 729904.62 768320.6 806736.58 845152.56 883568.54 921984.52 960400.5 998816.48 1037232.46 1075648.44 1114064.42 1152480.4 1190896.38 1229312.36 1267728.34 1306144.32 1344560.3 1382976.28 1421392.26 1459808.24 1498224.22 1536640.2 1575056.18 1613472.16 1651888.14 1690304.12 1728720.1 1767136.08 1805552.06 1843968.04 1882384.02 1920800],customer_demographics.cd_demo_sk
155,customer_demographics,cd_credit_rating,[0 0 0 0 0 0 0 0 0 0 0 0 0 0 0 0 0 0 0 0 0 0 0 0 0 0 0 0 0 0 0 0 0 0 0 0 0 0 0 0 0 0 0 0 0 0 0 0 0 0 0],customer_demographics.cd_credit_rating
156,customer_demographics,cd_dep_count,[0 0.12 0.24 0.36 0.48 0.6 0.72 0.84 0.96 1.08 1.2 1.32 1.44 1.56 1.68 1.8 1.92 2.04 2.16 2.28 2.4 2.52 2.64 2.76 2.88 3 3.12 3.24 3.36 3.48 3.6 3.72 3.84 3.96 4.08 4.2 4.32 4.44 4.56 4.68 4.8 4.92 5.04 5.16 5.28 5.4 5.52 5.64 5.76 5.88 6],customer_demographics.cd_dep_count
157,customer_demographics,cd_purchase_estimate,[500 690 880 1070 1260 1450 1640 1830 2020 2210 2400 2590 2780 2970 3160 3350 3540 3730 3920 4110 4300 4490 4680 4870 5060 5250 5440 5630 5820 6010 6200 6390 6580 6770 6960 7150 7340 7530 7720 7910 8100 8290 8480 8670 8860 9050 9240 9430 9620 9810 10000],customer_demographics.cd_purchase_estimate
158,customer_demographics,cd_dep_employed_count,[0 0.12 0.24 0.36 0.48 0.6 0.72 0.84 0.96 1.08 1.2 1.32 1.44 1.56 1.68 1.8 1.92 2.04 2.16 2.28 2.4 2.52 2.64 2.76 2.88 3 3.12 3.24 3.36 3.48 3.6 3.72 3.84 3.96 4.08 4.2 4.32 4.44 4.56 4.68 4.8 4.92 5.04 5.16 5.28 5.4 5.52 5.64 5.76 5.88 6],customer_demographics.cd_dep_employed_count
159,customer_demographics,cd_dep_college_count,[0 0.12 0.24 0.36 0.48 0.6 0.72 0.84 0.96 1.08 1.2 1.32 1.44 1.56 1.68 1.8 1.92 2.04 2.16 2.28 2.4 2.52 2.64 2.76 2.88 3 3.12 3.24 3.36 3.48 3.6 3.72 3.84 3.96 4.08 4.2 4.32 4.44 4.56 4.68 4.8 4.92 5.04 5.16 5.28 5.4 5.52 5.64 5.76 5.88 6],customer_demographics.cd_dep_college_count
160,customer_demographics,cd_gender,[0 0 0 0 0 0 0 0 0 0 0 0 0 0 0 0 0 0 0 0 0 0 0 0 0 0 0 0 0 0 0 0 0 0 0 0 0 0 0 0 0 0 0 0 0 0 0 0 0 0 0],customer_demographics.cd_gender
161,customer_demographics,cd_marital_status,[0 0 0 0 0 0 0 0 0 0 0 0 0 0 0 0 0 0 0 0 0 0 0 0 0 0 0 0 0 0 0 0 0 0 0 0 0 0 0 0 0 0 0 0 0 0 0 0 0 0 0],customer_demographics.cd_marital_status
162,customer_demographics,cd_education_status,[0 0 0 0 0 0 0 0 0 0 0 0 0 0 0 0 0 0 0 0 0 0 0 0 0 0 0 0 0 0 0 0 0 0 0 0 0 0 0 0 0 0 0 0 0 0 0 0 0 0 0],customer_demographics.cd_education_status
163,promotion,p_promo_sk,[1 10.98 20.96 30.94 40.92 50.9 60.88 70.86 80.84 90.82 100.8 110.78 120.76 130.74 140.72 150.7 160.68 170.66 180.64 190.62 200.6 210.58 220.56 230.54 240.52 250.5 260.48 270.46 280.44 290.42 300.4 310.38 320.36 330.34 340.32 350.3 360.28 370.26 380.24 390.22 400.2 410.18 420.16 430.14 440.12 450.1 460.08 470.06 480.04 490.02 500],promotion.p_promo_sk
164,promotion,p_promo_id,[0 0 0 0 0 0 0 0 0 0 0 0 0 0 0 0 0 0 0 0 0 0 0 0 0 0 0 0 0 0 0 0 0 0 0 0 0 0 0 0 0 0 0 0 0 0 0 0 0 0 0],promotion.p_promo_id
165,promotion,p_start_date_sk,[2450100 2450116.26 2450132.52 2450148.78 2450165.04 2450181.3 2450197.56 2450213.82 2450230.08 2450246.34 2450262.6 2450278.86 2450295.12 2450311.38 2450327.64 2450343.9 2450360.16 2450376.42 2450392.68 2450408.94 2450425.2 2450441.46 2450457.72 2450473.98 2450490.24 2450506.5 2450522.76 2450539.02 2450555.28 2450571.54 2450587.8 2450604.06 2450620.32 2450636.58 2450652.84 2450669.1 2450685.36 2450701.62 2450717.88 2450734.14 2450750.4 2450766.66 2450782.92 2450799.18 2450815.44 2450831.7 2450847.96 2450864.22 2450880.48 2450896.74 2450913],promotion.p_start_date_sk
166,promotion,p_end_date_sk,[2450132 2450148.6 2450165.2 2450181.8 2450198.4 2450215 2450231.6 2450248.2 2450264.8 2450281.4 2450298 2450314.6 2450331.2 2450347.8 2450364.4 2450381 2450397.6 2450414.2 2450430.8 2450447.4 2450464 2450480.6 2450497.2 2450513.8 2450530.4 2450547 2450563.6 2450580.2 2450596.8 2450613.4 2450630 2450646.6 2450663.2 2450679.8 2450696.4 2450713 2450729.6 2450746.2 2450762.8 2450779.4 2450796 2450812.6 2450829.2 2450845.8 2450862.4 2450879 2450895.6 2450912.2 2450928.8 2450945.4 2450962],promotion.p_end_date_sk
167,promotion,p_item_sk,[7 2046.66 4086.32 6125.98 8165.64 10205.3 12244.96 14284.62 16324.28 18363.94 20403.6 22443.26 24482.92 26522.58 28562.24 30601.9 32641.56 34681.22 36720.88 38760.54 40800.2 42839.86 44879.52 46919.18 48958.84 50998.5 53038.16 55077.82 57117.48 59157.14 61196.8 63236.46 65276.12 67315.78 69355.44 71395.1 73434.76 75474.42 77514.08 79553.74 81593.4 83633.06 85672.72 87712.38 89752.04 91791.7 93831.36 95871.02 97910.68 99950.34 101990],promotion.p_item_sk
168,promotion,p_cost,[1000 1000 1000 1000 1000 1000 1000 1000 1000 1000 1000 1000 1000 1000 1000 1000 1000 1000 1000 1000 1000 1000 1000 1000 1000 1000 1000 1000 1000 1000 1000 1000 1000 1000 1000 1000 1000 1000 1000 1000 1000 1000 1000 1000 1000 1000 1000 1000 1000 1000 1000],promotion.p_cost
169,promotion,p_response_target,[1 1 1 1 1 1 1 1 1 1 1 1 1 1 1 1 1 1 1 1 1 1 1 1 1 1 1 1 1 1 1 1 1 1 1 1 1 1 1 1 1 1 1 1 1 1 1 1 1 1 1],promotion.p_response_target
170,promotion,p_promo_name,[0 0 0 0 0 0 0 0 0 0 0 0 0 0 0 0 0 0 0 0 0 0 0 0 0 0 0 0 0 0 0 0 0 0 0 0 0 0 0 0 0 0 0 0 0 0 0 0 0 0 0],promotion.p_promo_name
171,promotion,p_channel_dmail,[0 0 0 0 0 0 0 0 0 0 0 0 0 0 0 0 0 0 0 0 0 0 0 0 0 0 0 0 0 0 0 0 0 0 0 0 0 0 0 0 0 0 0 0 0 0 0 0 0 0 0],promotion.p_channel_dmail
172,promotion,p_channel_email,[0 0 0 0 0 0 0 0 0 0 0 0 0 0 0 0 0 0 0 0 0 0 0 0 0 0 0 0 0 0 0 0 0 0 0 0 0 0 0 0 0 0 0 0 0 0 0 0 0 0 0],promotion.p_channel_email
173,promotion,p_channel_catalog,[0 0 0 0 0 0 0 0 0 0 0 0 0 0 0 0 0 0 0 0 0 0 0 0 0 0 0 0 0 0 0 0 0 0 0 0 0 0 0 0 0 0 0 0 0 0 0 0 0 0 0],promotion.p_channel_catalog
174,promotion,p_channel_tv,[0 0 0 0 0 0 0 0 0 0 0 0 0 0 0 0 0 0 0 0 0 0 0 0 0 0 0 0 0 0 0 0 0 0 0 0 0 0 0 0 0 0 0 0 0 0 0 0 0 0 0],promotion.p_channel_tv
175,promotion,p_channel_radio,[0 0 0 0 0 0 0 0 0 0 0 0 0 0 0 0 0 0 0 0 0 0 0 0 0 0 0 0 0 0 0 0 0 0 0 0 0 0 0 0 0 0 0 0 0 0 0 0 0 0 0],promotion.p_channel_radio
176,promotion,p_channel_press,[0 0 0 0 0 0 0 0 0 0 0 0 0 0 0 0 0 0 0 0 0 0 0 0 0 0 0 0 0 0 0 0 0 0 0 0 0 0 0 0 0 0 0 0 0 0 0 0 0 0 0],promotion.p_channel_press
177,promotion,p_channel_event,[0 0 0 0 0 0 0 0 0 0 0 0 0 0 0 0 0 0 0 0 0 0 0 0 0 0 0 0 0 0 0 0 0 0 0 0 0 0 0 0 0 0 0 0 0 0 0 0 0 0 0],promotion.p_channel_event
178,promotion,p_channel_demo,[0 0 0 0 0 0 0 0 0 0 0 0 0 0 0 0 0 0 0 0 0 0 0 0 0 0 0 0 0 0 0 0 0 0 0 0 0 0 0 0 0 0 0 0 0 0 0 0 0 0 0],promotion.p_channel_demo
179,promotion,p_channel_details,[0 0 0 0 0 0 0 0 0 0 0 0 0 0 0 0 0 0 0 0 0 0 0 0 0 0 0 0 0 0 0 0 0 0 0 0 0 0 0 0 0 0 0 0 0 0 0 0 0 0 0],promotion.p_channel_details
180,promotion,p_purpose,[0 0 0 0 0 0 0 0 0 0 0 0 0 0 0 0 0 0 0 0 0 0 0 0 0 0 0 0 0 0 0 0 0 0 0 0 0 0 0 0 0 0 0 0 0 0 0 0 0 0 0],promotion.p_purpose
181,promotion,p_discount_active,[0 0 0 0 0 0 0 0 0 0 0 0 0 0 0 0 0 0 0 0 0 0 0 0 0 0 0 0 0 0 0 0 0 0 0 0 0 0 0 0 0 0 0 0 0 0 0 0 0 0 0],promotion.p_discount_active
182,store_sales,ss_store_sk,[1 2.98 4.96 6.94 8.92 10.9 12.88 14.86 16.84 18.82 20.8 22.78 24.76 26.74 28.72 30.7 32.68 34.66 36.64 38.62 40.6 42.58 44.56 46.54 48.52 50.5 52.48 54.46 56.44 58.42 60.4 62.38 64.36 66.34 68.32 70.3 72.28 74.26 76.24 78.22 80.2 82.18 84.16 86.14 88.12 90.1 92.08 94.06 96.04 98.02 100],store_sales.ss_store_sk
183,store_sales,ss_promo_sk,[1 10.98 20.96 30.94 40.92 50.9 60.88 70.86 80.84 90.82 100.8 110.78 120.76 130.74 140.72 150.7 160.68 170.66 180.64 190.62 200.6 210.58 220.56 230.54 240.52 250.5 260.48 270.46 280.44 290.42 300.4 310.38 320.36 330.34 340.32 350.3 360.28 370.26 380.24 390.22 400.2 410.18 420.16 430.14 440.12 450.1 460.08 470.06 480.04 490.02 500],store_sales.ss_promo_sk
184,store_sales,ss_quantity,[1 2.98 4.96 6.94 8.92 10.9 12.88 14.86 16.84 18.82 20.8 22.78 24.76 26.74 28.72 30.7 32.68 34.66 36.64 38.62 40.6 42.58 44.56 46.54 48.52 50.5 52.48 54.46 56.44 58.42 60.4 62.38 64.36 66.34 68.32 70.3 72.28 74.26 76.24 78.22 80.2 82.18 84.16 86.14 88.12 90.1 92.08 94.06 96.04 98.02 100],store_sales.ss_quantity
185,store_sales,ss_sold_date_sk,[2450816 2450852.52 2450889.04 2450925.56 2450962.08 2450998.6 2451035.12 2451071.64 2451108.16 2451144.68 2451181.2 2451217.72 2451254.24 2451290.76 2451327.28 2451363.8 2451400.32 2451436.84 2451473.36 2451509.88 2451546.4 2451582.92 2451619.44 2451655.96 2451692.48 2451729 2451765.52 2451802.04 2451838.56 2451875.08 2451911.6 2451948.12 2451984.64 2452021.16 2452057.68 2452094.2 2452130.72 2452167.24 2452203.76 2452240.28 2452276.8 2452313.32 2452349.84 2452386.36 2452422.88 2452459.4 2452495.92 2452532.44 2452568.96 2452605.48 2452642],store_sales.ss_sold_date_sk
186,store_sales,ss_wholesale_cost,[1 2.98 4.96 6.94 8.92 10.9 12.88 14.86 16.84 18.82 20.8 22.78 24.76 26.74 28.72 30.7 32.68 34.66 36.64 38.62 40.6 42.58 44.56 46.54 48.52 50.5 52.48 54.46 56.44 58.42 60.4 62.38 64.36 66.34 68.32 70.3 72.28 74.26 76.24 78.22 80.2 82.18 84.16 86.14 88.12 90.1 92.08 94.06 96.04 98.02 100],store_sales.ss_wholesale_cost
187,store_sales,ss_ext_discount_amt,[0 361.8488 723.6976 1085.5464 1447.3952 1809.244 2171.0928 2532.9416 2894.7904 3256.6392 3618.488 3980.3368 4342.1856 4704.0344 5065.8832 5427.732 5789.5808 6151.4296 6513.2784 6875.1272 7236.976 7598.8248 7960.6736 8322.5224 8684.3712 9046.22 9408.0688 9769.9176 10131.7664 10493.6152 10855.464 11217.3128 11579.1616 11941.0104 12302.8592 12664.708 13026.5568 13388.4056 13750.2544 14112.1032 14473.952 14835.8008 15197.6496 15559.4984 15921.3472 16283.196 16645.0448 17006.8936 17368.7424 17730.5912 18092.44],store_sales.ss_ext_discount_amt
188,store_sales,ss_sales_price,[0 4 8 12 16 20 24 28 32 36 40 44 48 52 56 60 64 68 72 76 80 84 88 92 96 100 104 108 112 116 120 124 128 132 136 140 144 148 152 156 160 164 168 172 176 180 184 188 192 196 200],store_sales.ss_sales_price
189,store_sales,ss_list_price,[1 4.98 8.96 12.94 16.92 20.9 24.88 28.86 32.84 36.82 40.8 44.78 48.76 52.74 56.72 60.7 64.68 68.66 72.64 76.62 80.6 84.58 88.56 92.54 96.52 100.5 104.48 108.46 112.44 116.42 120.4 124.38 128.36 132.34 136.32 140.3 144.28 148.26 152.24 156.22 160.2 164.18 168.16 172.14 176.12 180.1 184.08 188.06 192.04 196.02 200],store_sales.ss_list_price
190,store_sales,ss_addr_sk,[1 5000.98 10000.96 15000.94 20000.92 25000.9 30000.88 35000.86 40000.84 45000.82 50000.8 55000.78 60000.76 65000.74 70000.72 75000.7 80000.68 85000.66 90000.64 95000.62 100000.6 105000.58 110000.56 115000.54 120000.52 125000.5 130000.48 135000.46 140000.44 145000.42 150000.4 155000.38 160000.36 165000.34 170000.32 175000.3 180000.28 185000.26 190000.24 195000.22 200000.2 205000.18 210000.16 215000.14 220000.12 225000.1 230000.08 235000.06 240000.04 245000.02 250000],store_sales.ss_addr_sk
191,store_sales,ss_hdemo_sk,[1 144.98 288.96 432.94 576.92 720.9 864.88 1008.86 1152.84 1296.82 1440.8 1584.78 1728.76 1872.74 2016.72 2160.7 2304.68 2448.66 2592.64 2736.62 2880.6 3024.58 3168.56 3312.54 3456.52 3600.5 3744.48 3888.46 4032.44 4176.42 4320.4 4464.38 4608.36 4752.34 4896.32 5040.3 5184.28 5328.26 5472.24 5616.22 5760.2 5904.18 6048.16 6192.14 6336.12 6480.1 6624.08 6768.06 6912.04 7056.02 7200],store_sales.ss_hdemo_sk
192,store_sales,ss_ext_sales_price,[0 391.248 782.496 1173.744 1564.992 1956.24 2347.488 2738.736 3129.984 3521.232 3912.48 4303.728 4694.976 5086.224 5477.472 5868.72 6259.968 6651.216 7042.464 7433.712 7824.96 8216.208 8607.456 8998.704 9389.952 9781.2 10172.448 10563.696 10954.944 11346.192 11737.44 12128.688 12519.936 12911.184 13302.432 13693.68 14084.928 14476.176 14867.424 15258.672 15649.92 16041.168 16432.416 16823.664 17214.912 17606.16 17997.408 18388.656 18779.904 19171.152 19562.4],store_sales.ss_ext_sales_price
193,store_sales,ss_customer_sk,[1 10000.98 20000.96 30000.94 40000.92 50000.9 60000.88 70000.86 80000.84 90000.82 100000.8 110000.78 120000.76 130000.74 140000.72 150000.7 160000.68 170000.66 180000.64 190000.62 200000.6 210000.58 220000.56 230000.54 240000.52 250000.5 260000.48 270000.46 280000.44 290000.42 300000.4 310000.38 320000.36 330000.34 340000.32 350000.3 360000.28 370000.26 380000.24 390000.22 400000.2 410000.18 420000.16 430000.14 440000.12 450000.1 460000.08 470000.06 480000.04 490000.02 500000],store_sales.ss_customer_sk
194,store_sales,ss_ext_list_price,[1.04 400.9792 800.9184 1200.8576 1600.7968 2000.736 2400.6752 2800.6144 3200.5536 3600.4928 4000.432 4400.3712 4800.3104 5200.2496 5600.1888 6000.128 6400.0672 6800.0064 7199.9456 7599.8848 7999.824 8399.7632 8799.7024 9199.6416 9599.5808 9999.52 10399.4592 10799.3984 11199.3376 11599.2768 11999.216 12399.1552 12799.0944 13199.0336 13598.9728 13998.912 14398.8512 14798.7904 15198.7296 15598.6688 15998.608 16398.5472 16798.4864 17198.4256 17598.3648 17998.304 18398.2432 18798.1824 19198.1216 19598.0608 19998],store_sales.ss_ext_list_price
195,store_sales,ss_ext_tax,[0 34.9974 69.9948 104.9922 139.9896 174.987 209.9844 244.9818 279.9792 314.9766 349.974 384.9714 419.9688 454.9662 489.9636 524.961 559.9584 594.9558 629.9532 664.9506 699.948 734.9454 769.9428 804.9402 839.9376 874.935 909.9324 944.9298 979.9272 1014.9246 1049.922 1084.9194 1119.9168 1154.9142 1189.9116 1224.909 1259.9064 1294.9038 1329.9012 1364.8986 1399.896 1434.8934 1469.8908 1504.8882 1539.8856 1574.883 1609.8804 1644.8778 1679.8752 1714.8726 1749.87],store_sales.ss_ext_tax
196,store_sales,ss_ext_wholesale_cost,[1 200.98 400.96 600.94 800.92 1000.9 1200.88 1400.86 1600.84 1800.82 2000.8 2200.78 2400.76 2600.74 2800.72 3000.7 3200.68 3400.66 3600.64 3800.62 4000.6 4200.58 4400.56 4600.54 4800.52 5000.5 5200.48 5400.46 5600.44 5800.42 6000.4 6200.38 6400.36 6600.34 6800.32 7000.3 7200.28 7400.26 7600.24 7800.22 8000.2 8200.18 8400.16 8600.14 8800.12 9000.1 9200.08 9400.06 9600.04 9800.02 10000],store_sales.ss_ext_wholesale_cost
197,store_sales,ss_coupon_amt,[0 361.8488 723.6976 1085.5464 1447.3952 1809.244 2171.0928 2532.9416 2894.7904 3256.6392 3618.488 3980.3368 4342.1856 4704.0344 5065.8832 5427.732 5789.5808 6151.4296 6513.2784 6875.1272 7236.976 7598.8248 7960.6736 8322.5224 8684.3712 9046.22 9408.0688 9769.9176 10131.7664 10493.6152 10855.464 11217.3128 11579.1616 11941.0104 12302.8592 12664.708 13026.5568 13388.4056 13750.2544 14112.1032 14473.952 14835.8008 15197.6496 15559.4984 15921.3472 16283.196 16645.0448 17006.8936 17368.7424 17730.5912 18092.44],store_sales.ss_coupon_amt
198,store_sales,ss_item_sk,[1 2040.98 4080.96 6120.94 8160.92 10200.9 12240.88 14280.86 16320.84 18360.82 20400.8 22440.78 24480.76 26520.74 28560.72 30600.7 32640.68 34680.66 36720.64 38760.62 40800.6 42840.58 44880.56 46920.54 48960.52 51000.5 53040.48 55080.46 57120.44 59160.42 61200.4 63240.38 65280.36 67320.34 69360.32 71400.3 73440.28 75480.26 77520.24 79560.22 81600.2 83640.18 85680.16 87720.14 89760.12 91800.1 93840.08 95880.06 97920.04 99960.02 102000],store_sales.ss_item_sk
199,store_sales,ss_cdemo_sk,[1 38416.98 76832.96 115248.94 153664.92 192080.9 230496.88 268912.86 307328.84 345744.82 384160.8 422576.78 460992.76 499408.74 537824.72 576240.7 614656.68 653072.66 691488.64 729904.62 768320.6 806736.58 845152.56 883568.54 921984.52 960400.5 998816.48 1037232.46 1075648.44 1114064.42 1152480.4 1190896.38 1229312.36 1267728.34 1306144.32 1344560.3 1382976.28 1421392.26 1459808.24 1498224.22 1536640.2 1575056.18 1613472.16 1651888.14 1690304.12 1728720.1 1767136.08 1805552.06 1843968.04 1882384.02 1920800],store_sales.ss_cdemo_sk
200,store_sales,ss_ticket_number,[1 48000.98 96000.96 144000.94 192000.92 240000.9 288000.88 336000.86 384000.84 432000.82 480000.8 528000.78 576000.76 624000.74 672000.72 720000.7 768000.68 816000.66 864000.64 912000.62 960000.6 1008000.58 1056000.56 1104000.54 1152000.52 1200000.5 1248000.48 1296000.46 1344000.44 1392000.42 1440000.4 1488000.38 1536000.36 1584000.34 1632000.32 1680000.3 1728000.28 1776000.26 1824000.24 1872000.22 1920000.2 1968000.18 2016000.16 2064000.14 2112000.12 2160000.1 2208000.08 2256000.06 2304000.04 2352000.02 2400000],store_sales.ss_ticket_number
201,store_sales,ss_net_paid,[0 391.248 782.496 1173.744 1564.992 1956.24 2347.488 2738.736 3129.984 3521.232 3912.48 4303.728 4694.976 5086.224 5477.472 5868.72 6259.968 6651.216 7042.464 7433.712 7824.96 8216.208 8607.456 8998.704 9389.952 9781.2 10172.448 10563.696 10954.944 11346.192 11737.44 12128.688 12519.936 12911.184 13302.432 13693.68 14084.928 14476.176 14867.424 15258.672 15649.92 16041.168 16432.416 16823.664 17214.912 17606.16 17997.408 18388.656 18779.904 19171.152 19562.4],store_sales.ss_net_paid
202,store_sales,ss_sold_time_sk,[28800 29735.98 30671.96 31607.94 32543.92 33479.9 34415.88 35351.86 36287.84 37223.82 38159.8 39095.78 40031.76 40967.74 41903.72 42839.7 43775.68 44711.66 45647.64 46583.62 47519.6 48455.58 49391.56 50327.54 51263.52 52199.5 53135.48 54071.46 55007.44 55943.42 56879.4 57815.38 58751.36 59687.34 60623.32 61559.3 62495.28 63431.26 64367.24 65303.22 66239.2 67175.18 68111.16 69047.14 69983.12 70919.1 71855.08 72791.06 73727.04 74663.02 75599],store_sales.ss_sold_time_sk
203,store_sales,ss_net_paid_inc_tax,[0 423.8574 847.7148 1271.5722 1695.4296 2119.287 2543.1444 2967.0018 3390.8592 3814.7166 4238.574 4662.4314 5086.2888 5510.1462 5934.0036 6357.861 6781.7184 7205.5758 7629.4332 8053.2906 8477.148 8901.0054 9324.8628 9748.7202 10172.5776 10596.435 11020.2924 11444.1498 11868.0072 12291.8646 12715.722 13139.5794 13563.4368 13987.2942 14411.1516 14835.009 15258.8664 15682.7238 16106.5812 16530.4386 16954.296 17378.1534 17802.0108 18225.8682 18649.7256 19073.583 19497.4404 19921.2978 20345.1552 20769.0126 21192.87],store_sales.ss_net_paid_inc_tax
204,store_sales,ss_net_profit,[-9993 -9597.6104 -9202.2208 -8806.8312 -8411.4416 -8016.052 -7620.6624 -7225.2728 -6829.8832 -6434.4936 -6039.104 -5643.7144 -5248.3248 -4852.9352 -4457.5456 -4062.156 -3666.7664 -3271.3768 -2875.9872 -2480.5976 -2085.208 -1689.8184 -1294.4288 -899.0392 -503.6496 -108.26 287.1296 682.5192 1077.9088 1473.2984 1868.688 2264.0776 2659.4672 3054.8568 3450.2464 3845.636 4241.0256 4636.4152 5031.8048 5427.1944 5822.584 6217.9736 6613.3632 7008.7528 7404.1424 7799.532 8194.9216 8590.3112 8985.7008 9381.0904 9776.48],store_sales.ss_net_profit
205,time_dim,t_time_sk,[0 1727.98 3455.96 5183.94 6911.92 8639.9 10367.88 12095.86 13823.84 15551.82 17279.8 19007.78 20735.76 22463.74 24191.72 25919.7 27647.68 29375.66 31103.64 32831.62 34559.6 36287.58 38015.56 39743.54 41471.52 43199.5 44927.48 46655.46 48383.44 50111.42 51839.4 53567.38 55295.36 57023.34 58751.32 60479.3 62207.28 63935.26 65663.24 67391.22 69119.2 70847.18 72575.16 74303.14 76031.12 77759.1 79487.08 81215.06 82943.04 84671.02 86399],time_dim.t_time_sk
206,time_dim,t_meal_time,[0 0 0 0 0 0 0 0 0 0 0 0 0 0 0 0 0 0 0 0 0 0 0 0 0 0 0 0 0 0 0 0 0 0 0 0 0 0 0 0 0 0 0 0 0 0 0 0 0 0 0],time_dim.t_meal_time
207,time_dim,t_sub_shift,[0 0 0 0 0 0 0 0 0 0 0 0 0 0 0 0 0 0 0 0 0 0 0 0 0 0 0 0 0 0 0 0 0 0 0 0 0 0 0 0 0 0 0 0 0 0 0 0 0 0 0],time_dim.t_sub_shift
208,time_dim,t_minute,[0 1.18 2.36 3.54 4.72 5.9 7.08 8.26 9.44 10.62 11.8 12.98 14.16 15.34 16.52 17.7 18.88 20.06 21.24 22.42 23.6 24.78 25.96 27.14 28.32 29.5 30.68 31.86 33.04 34.22 35.4 36.58 37.76 38.94 40.12 41.3 42.48 43.66 44.84 46.02 47.2 48.38 49.56 50.74 51.92 53.1 54.28 55.46 56.64 57.82 59],time_dim.t_minute
209,time_dim,t_time,[0 1727.98 3455.96 5183.94 6911.92 8639.9 10367.88 12095.86 13823.84 15551.82 17279.8 19007.78 20735.76 22463.74 24191.72 25919.7 27647.68 29375.66 31103.64 32831.62 34559.6 36287.58 38015.56 39743.54 41471.52 43199.5 44927.48 46655.46 48383.44 50111.42 51839.4 53567.38 55295.36 57023.34 58751.32 60479.3 62207.28 63935.26 65663.24 67391.22 69119.2 70847.18 72575.16 74303.14 76031.12 77759.1 79487.08 81215.06 82943.04 84671.02 86399],time_dim.t_time
210,time_dim,t_hour,[0 0.46 0.92 1.38 1.84 2.3 2.76 3.22 3.68 4.14 4.6 5.06 5.52 5.98 6.44 6.9 7.36 7.82 8.28 8.74 9.2 9.66 10.12 10.58 11.04 11.5 11.96 12.42 12.88 13.34 13.8 14.26 14.72 15.18 15.64 16.1 16.56 17.02 17.48 17.94 18.4 18.86 19.32 19.78 20.24 20.7 21.16 21.62 22.08 22.54 23],time_dim.t_hour
211,time_dim,t_second,[0 1.18 2.36 3.54 4.72 5.9 7.08 8.26 9.44 10.62 11.8 12.98 14.16 15.34 16.52 17.7 18.88 20.06 21.24 22.42 23.6 24.78 25.96 27.14 28.32 29.5 30.68 31.86 33.04 34.22 35.4 36.58 37.76 38.94 40.12 41.3 42.48 43.66 44.84 46.02 47.2 48.38 49.56 50.74 51.92 53.1 54.28 55.46 56.64 57.82 59],time_dim.t_second
212,time_dim,t_time_id,[0 0 0 0 0 0 0 0 0 0 0 0 0 0 0 0 0 0 0 0 0 0 0 0 0 0 0 0 0 0 0 0 0 0 0 0 0 0 0 0 0 0 0 0 0 0 0 0 0 0 0],time_dim.t_time_id
213,time_dim,t_am_pm,[0 0 0 0 0 0 0 0 0 0 0 0 0 0 0 0 0 0 0 0 0 0 0 0 0 0 0 0 0 0 0 0 0 0 0 0 0 0 0 0 0 0 0 0 0 0 0 0 0 0 0],time_dim.t_am_pm
214,time_dim,t_shift,[0 0 0 0 0 0 0 0 0 0 0 0 0 0 0 0 0 0 0 0 0 0 0 0 0 0 0 0 0 0 0 0 0 0 0 0 0 0 0 0 0 0 0 0 0 0 0 0 0 0 0],time_dim.t_shift
215,catalog_page,cp_end_date_sk,[2450844 2450890.84 2450937.68 2450984.52 2451031.36 2451078.2 2451125.04 2451171.88 2451218.72 2451265.56 2451312.4 2451359.24 2451406.08 2451452.92 2451499.76 2451546.6 2451593.44 2451640.28 2451687.12 2451733.96 2451780.8 2451827.64 2451874.48 2451921.32 2451968.16 2452015 2452061.84 2452108.68 2452155.52 2452202.36 2452249.2 2452296.04 2452342.88 2452389.72 2452436.56 2452483.4 2452530.24 2452577.08 2452623.92 2452670.76 2452717.6 2452764.44 2452811.28 2452858.12 2452904.96 2452951.8 2452998.64 2453045.48 2453092.32 2453139.16 2453186],catalog_page.cp_end_date_sk
216,catalog_page,cp_start_date_sk,[2450815 2450858.8 2450902.6 2450946.4 2450990.2 2451034 2451077.8 2451121.6 2451165.4 2451209.2 2451253 2451296.8 2451340.6 2451384.4 2451428.2 2451472 2451515.8 2451559.6 2451603.4 2451647.2 2451691 2451734.8 2451778.6 2451822.4 2451866.2 2451910 2451953.8 2451997.6 2452041.4 2452085.2 2452129 2452172.8 2452216.6 2452260.4 2452304.2 2452348 2452391.8 2452435.6 2452479.4 2452523.2 2452567 2452610.8 2452654.6 2452698.4 2452742.2 2452786 2452829.8 2452873.6 2452917.4 2452961.2 2453005],catalog_page.cp_start_date_sk
217,catalog_page,cp_catalog_page_sk,[1 240.98 480.96 720.94 960.92 1200.9 1440.88 1680.86 1920.84 2160.82 2400.8 2640.78 2880.76 3120.74 3360.72 3600.7 3840.68 4080.66 4320.64 4560.62 4800.6 5040.58 5280.56 5520.54 5760.52 6000.5 6240.48 6480.46 6720.44 6960.42 7200.4 7440.38 7680.36 7920.34 8160.32 8400.3 8640.28 8880.26 9120.24 9360.22 9600.2 9840.18 10080.16 10320.14 10560.12 10800.1 11040.08 11280.06 11520.04 11760.02 12000],catalog_page.cp_catalog_page_sk
218,catalog_page,cp_type,[0 0 0 0 0 0 0 0 0 0 0 0 0 0 0 0 0 0 0 0 0 0 0 0 0 0 0 0 0 0 0 0 0 0 0 0 0 0 0 0 0 0 0 0 0 0 0 0 0 0 0],catalog_page.cp_type
219,catalog_page,cp_description,[0 0 0 0 0 0 0 0 0 0 0 0 0 0 0 0 0 0 0 0 0 0 0 0 0 0 0 0 0 0 0 0 0 0 0 0 0 0 0 0 0 0 0 0 0 0 0 0 0 0 0],catalog_page.cp_description
220,catalog_page,cp_department,[0 0 0 0 0 0 0 0 0 0 0 0 0 0 0 0 0 0 0 0 0 0 0 0 0 0 0 0 0 0 0 0 0 0 0 0 0 0 0 0 0 0 0 0 0 0 0 0 0 0 0],catalog_page.cp_department
221,catalog_page,cp_catalog_page_id,[0 0 0 0 0 0 0 0 0 0 0 0 0 0 0 0 0 0 0 0 0 0 0 0 0 0 0 0 0 0 0 0 0 0 0 0 0 0 0 0 0 0 0 0 0 0 0 0 0 0 0],catalog_page.cp_catalog_page_id
222,catalog_page,cp_catalog_page_number,[1 3.2 5.4 7.6 9.8 12 14.2 16.4 18.6 20.8 23 25.2 27.4 29.6 31.8 34 36.2 38.4 40.6 42.8 45 47.2 49.4 51.6 53.8 56 58.2 60.4 62.6 64.8 67 69.2 71.4 73.6 75.8 78 80.2 82.4 84.6 86.8 89 91.2 93.4 95.6 97.8 100 102.2 104.4 106.6 108.8 111],catalog_page.cp_catalog_page_number
223,catalog_page,cp_catalog_number,[1 3.16 5.32 7.48 9.64 11.8 13.96 16.12 18.28 20.44 22.6 24.76 26.92 29.08 31.24 33.4 35.56 37.72 39.88 42.04 44.2 46.36 48.52 50.68 52.84 55 57.16 59.32 61.48 63.64 65.8 67.96 70.12 72.28 74.44 76.6 78.76 80.92 83.08 85.24 87.4 89.56 91.72 93.88 96.04 98.2 100.36 102.52 104.68 106.84 109],catalog_page.cp_catalog_number
224,store_returns,sr_reason_sk,[1 1.88 2.76 3.64 4.52 5.4 6.28 7.16 8.04 8.92 9.8 10.68 11.56 12.44 13.32 14.2 15.08 15.96 16.84 17.72 18.6 19.48 20.36 21.24 22.12 23 23.88 24.76 25.64 26.52 27.4 28.28 29.16 30.04 30.92 31.8 32.68 33.56 34.44 35.32 36.2 37.08 37.96 38.84 39.72 40.6 41.48 42.36 43.24 44.12 45],store_returns.sr_reason_sk
225,store_returns,sr_store_sk,[1 2.98 4.96 6.94 8.92 10.9 12.88 14.86 16.84 18.82 20.8 22.78 24.76 26.74 28.72 30.7 32.68 34.66 36.64 38.62 40.6 42.58 44.56 46.54 48.52 50.5 52.48 54.46 56.44 58.42 60.4 62.38 64.36 66.34 68.32 70.3 72.28 74.26 76.24 78.22 80.2 82.18 84.16 86.14 88.12 90.1 92.08 94.06 96.04 98.02 100],store_returns.sr_store_sk
226,store_returns,sr_return_time_sk,[28799 29447 30095 30743 31391 32039 32687 33335 33983 34631 35279 35927 36575 37223 37871 38519 39167 39815 40463 41111 41759 42407 43055 43703 44351 44999 45647 46295 46943 47591 48239 48887 49535 50183 50831 51479 52127 52775 53423 54071 54719 55367 56015 56663 57311 57959 58607 59255 59903 60551 61199],store_returns.sr_return_time_sk
227,store_returns,sr_return_quantity,[1 2.98 4.96 6.94 8.92 10.9 12.88 14.86 16.84 18.82 20.8 22.78 24.76 26.74 28.72 30.7 32.68 34.66 36.64 38.62 40.6 42.58 44.56 46.54 48.52 50.5 52.48 54.46 56.44 58.42 60.4 62.38 64.36 66.34 68.32 70.3 72.28 74.26 76.24 78.22 80.2 82.18 84.16 86.14 88.12 90.1 92.08 94.06 96.04 98.02 100],store_returns.sr_return_quantity
228,store_returns,sr_hdemo_sk,[1 144.98 288.96 432.94 576.92 720.9 864.88 1008.86 1152.84 1296.82 1440.8 1584.78 1728.76 1872.74 2016.72 2160.7 2304.68 2448.66 2592.64 2736.62 2880.6 3024.58 3168.56 3312.54 3456.52 3600.5 3744.48 3888.46 4032.44 4176.42 4320.4 4464.38 4608.36 4752.34 4896.32 5040.3 5184.28 5328.26 5472.24 5616.22 5760.2 5904.18 6048.16 6192.14 6336.12 6480.1 6624.08 6768.06 6912.04 7056.02 7200],store_returns.sr_hdemo_sk
229,store_returns,sr_fee,[0.5 2.49 4.48 6.47 8.46 10.45 12.44 14.43 16.42 18.41 20.4 22.39 24.38 26.37 28.36 30.35 32.34 34.33 36.32 38.31 40.3 42.29 44.28 46.27 48.26 50.25 52.24 54.23 56.22 58.21 60.2 62.19 64.18 66.17 68.16 70.15 72.14 74.13 76.12 78.11 80.1 82.09 84.08 86.07 88.06 90.05 92.04 94.03 96.02 98.01 100],store_returns.sr_fee
230,store_returns,sr_return_amt_inc_tax,[0 381.9454 763.8908 1145.8362 1527.7816 1909.727 2291.6724 2673.6178 3055.5632 3437.5086 3819.454 4201.3994 4583.3448 4965.2902 5347.2356 5729.181 6111.1264 6493.0718 6875.0172 7256.9626 7638.908 8020.8534 8402.7988 8784.7442 9166.6896 9548.635 9930.5804 10312.5258 10694.4712 11076.4166 11458.362 11840.3074 12222.2528 12604.1982 12986.1436 13368.089 13750.0344 14131.9798 14513.9252 14895.8706 15277.816 15659.7614 16041.7068 16423.6522 16805.5976 17187.543 17569.4884 17951.4338 18333.3792 18715.3246 19097.27],store_returns.sr_return_amt_inc_tax
231,store_returns,sr_return_tax,[0 31.5366 63.0732 94.6098 126.1464 157.683 189.2196 220.7562 252.2928 283.8294 315.366 346.9026 378.4392 409.9758 441.5124 473.049 504.5856 536.1222 567.6588 599.1954 630.732 662.2686 693.8052 725.3418 756.8784 788.415 819.9516 851.4882 883.0248 914.5614 946.098 977.6346 1009.1712 1040.7078 1072.2444 1103.781 1135.3176 1166.8542 1198.3908 1229.9274 1261.464 1293.0006 1324.5372 1356.0738 1387.6104 1419.147 1450.6836 1482.2202 1513.7568 1545.2934 1576.83],store_returns.sr_return_tax
232,store_returns,sr_return_amt,[0 360.2268 720.4536 1080.6804 1440.9072 1801.134 2161.3608 2521.5876 2881.8144 3242.0412 3602.268 3962.4948 4322.7216 4682.9484 5043.1752 5403.402 5763.6288 6123.8556 6484.0824 6844.3092 7204.536 7564.7628 7924.9896 8285.2164 8645.4432 9005.67 9365.8968 9726.1236 10086.3504 10446.5772 10806.804 11167.0308 11527.2576 11887.4844 12247.7112 12607.938 12968.1648 13328.3916 13688.6184 14048.8452 14409.072 14769.2988 15129.5256 15489.7524 15849.9792 16210.206 16570.4328 16930.6596 17290.8864 17651.1132 18011.34],store_returns.sr_return_amt
233,store_returns,sr_returned_date_sk,[2450820 2450860.04 2450900.08 2450940.12 2450980.16 2451020.2 2451060.24 2451100.28 2451140.32 2451180.36 2451220.4 2451260.44 2451300.48 2451340.52 2451380.56 2451420.6 2451460.64 2451500.68 2451540.72 2451580.76 2451620.8 2451660.84 2451700.88 2451740.92 2451780.96 2451821 2451861.04 2451901.08 2451941.12 2451981.16 2452021.2 2452061.24 2452101.28 2452141.32 2452181.36 2452221.4 2452261.44 2452301.48 2452341.52 2452381.56 2452421.6 2452461.64 2452501.68 2452541.72 2452581.76 2452621.8 2452661.84 2452701.88 2452741.92 2452781.96 2452822],store_returns.sr_returned_date_sk
234,store_returns,sr_item_sk,[1 2040.98 4080.96 6120.94 8160.92 10200.9 12240.88 14280.86 16320.84 18360.82 20400.8 22440.78 24480.76 26520.74 28560.72 30600.7 32640.68 34680.66 36720.64 38760.62 40800.6 42840.58 44880.56 46920.54 48960.52 51000.5 53040.48 55080.46 57120.44 59160.42 61200.4 63240.38 65280.36 67320.34 69360.32 71400.3 73440.28 75480.26 77520.24 79560.22 81600.2 83640.18 85680.16 87720.14 89760.12 91800.1 93840.08 95880.06 97920.04 99960.02 102000],store_returns.sr_item_sk
235,store_returns,sr_return_ship_cost,[0 177.705 355.41 533.115 710.82 888.525 1066.23 1243.935 1421.64 1599.345 1777.05 1954.755 2132.46 2310.165 2487.87 2665.575 2843.28 3020.985 3198.69 3376.395 3554.1 3731.805 3909.51 4087.215 4264.92 4442.625 4620.33 4798.035 4975.74 5153.445 5331.15 5508.855 5686.56 5864.265 6041.97 6219.675 6397.38 6575.085 6752.79 6930.495 7108.2 7285.905 7463.61 7641.315 7819.02 7996.725 8174.43 8352.135 8529.84 8707.545 8885.25],store_returns.sr_return_ship_cost
236,store_returns,sr_addr_sk,[1 5000.98 10000.96 15000.94 20000.92 25000.9 30000.88 35000.86 40000.84 45000.82 50000.8 55000.78 60000.76 65000.74 70000.72 75000.7 80000.68 85000.66 90000.64 95000.62 100000.6 105000.58 110000.56 115000.54 120000.52 125000.5 130000.48 135000.46 140000.44 145000.42 150000.4 155000.38 160000.36 165000.34 170000.32 175000.3 180000.28 185000.26 190000.24 195000.22 200000.2 205000.18 210000.16 215000.14 220000.12 225000.1 230000.08 235000.06 240000.04 245000.02 250000],store_returns.sr_addr_sk
237,store_returns,sr_ticket_number,[1 48000.98 96000.96 144000.94 192000.92 240000.9 288000.88 336000.86 384000.84 432000.82 480000.8 528000.78 576000.76 624000.74 672000.72 720000.7 768000.68 816000.66 864000.64 912000.62 960000.6 1008000.58 1056000.56 1104000.54 1152000.52 1200000.5 1248000.48 1296000.46 1344000.44 1392000.42 1440000.4 1488000.38 1536000.36 1584000.34 1632000.32 1680000.3 1728000.28 1776000.26 1824000.24 1872000.22 1920000.2 1968000.18 2016000.16 2064000.14 2112000.12 2160000.1 2208000.08 2256000.06 2304000.04 2352000.02 2400000],store_returns.sr_ticket_number
238,store_returns,sr_store_credit,[0 261.9658 523.9316 785.8974 1047.8632 1309.829 1571.7948 1833.7606 2095.7264 2357.6922 2619.658 2881.6238 3143.5896 3405.5554 3667.5212 3929.487 4191.4528 4453.4186 4715.3844 4977.3502 5239.316 5501.2818 5763.2476 6025.2134 6287.1792 6549.145 6811.1108 7073.0766 7335.0424 7597.0082 7858.974 8120.9398 8382.9056 8644.8714 8906.8372 9168.803 9430.7688 9692.7346 9954.7004 10216.6662 10478.632 10740.5978 11002.5636 11264.5294 11526.4952 11788.461 12050.4268 12312.3926 12574.3584 12836.3242 13098.29],store_returns.sr_store_credit
239,store_returns,sr_net_loss,[0.5 198.3378 396.1756 594.0134 791.8512 989.689 1187.5268 1385.3646 1583.2024 1781.0402 1978.878 2176.7158 2374.5536 2572.3914 2770.2292 2968.067 3165.9048 3363.7426 3561.5804 3759.4182 3957.256 4155.0938 4352.9316 4550.7694 4748.6072 4946.445 5144.2828 5342.1206 5539.9584 5737.7962 5935.634 6133.4718 6331.3096 6529.1474 6726.9852 6924.823 7122.6608 7320.4986 7518.3364 7716.1742 7914.012 8111.8498 8309.6876 8507.5254 8705.3632 8903.201 9101.0388 9298.8766 9496.7144 9694.5522 9892.39],store_returns.sr_net_loss
240,store_returns,sr_reversed_charge,[0 284.4234 568.8468 853.2702 1137.6936 1422.117 1706.5404 1990.9638 2275.3872 2559.8106 2844.234 3128.6574 3413.0808 3697.5042 3981.9276 4266.351 4550.7744 4835.1978 5119.6212 5404.0446 5688.468 5972.8914 6257.3148 6541.7382 6826.1616 7110.585 7395.0084 7679.4318 7963.8552 8248.2786 8532.702 8817.1254 9101.5488 9385.9722 9670.3956 9954.819 10239.2424 10523.6658 10808.0892 11092.5126 11376.936 11661.3594 11945.7828 12230.2062 12514.6296 12799.053 13083.4764 13367.8998 13652.3232 13936.7466 14221.17],store_returns.sr_reversed_charge
241,store_returns,sr_refunded_cash,[0 351.139 702.278 1053.417 1404.556 1755.695 2106.834 2457.973 2809.112 3160.251 3511.39 3862.529 4213.668 4564.807 4915.946 5267.085 5618.224 5969.363 6320.502 6671.641 7022.78 7373.919 7725.058 8076.197 8427.336 8778.475 9129.614 9480.753 9831.892 10183.031 10534.17 10885.309 11236.448 11587.587 11938.726 12289.865 12641.004 12992.143 13343.282 13694.421 14045.56 14396.699 14747.838 15098.977 15450.116 15801.255 16152.394 16503.533 16854.672 17205.811 17556.95],store_returns.sr_refunded_cash
242,store_returns,sr_customer_sk,[1 10000.98 20000.96 30000.94 40000.92 50000.9 60000.88 70000.86 80000.84 90000.82 100000.8 110000.78 120000.76 130000.74 140000.72 150000.7 160000.68 170000.66 180000.64 190000.62 200000.6 210000.58 220000.56 230000.54 240000.52 250000.5 260000.48 270000.46 280000.44 290000.42 300000.4 310000.38 320000.36 330000.34 340000.32 350000.3 360000.28 370000.26 380000.24 390000.22 400000.2 410000.18 420000.16 430000.14 440000.12 450000.1 460000.08 470000.06 480000.04 490000.02 500000],store_returns.sr_customer_sk
243,store_returns,sr_cdemo_sk,[1 38416.98 76832.96 115248.94 153664.92 192080.9 230496.88 268912.86 307328.84 345744.82 384160.8 422576.78 460992.76 499408.74 537824.72 576240.7 614656.68 653072.66 691488.64 729904.62 768320.6 806736.58 845152.56 883568.54 921984.52 960400.5 998816.48 1037232.46 1075648.44 1114064.42 1152480.4 1190896.38 1229312.36 1267728.34 1306144.32 1344560.3 1382976.28 1421392.26 1459808.24 1498224.22 1536640.2 1575056.18 1613472.16 1651888.14 1690304.12 1728720.1 1767136.08 1805552.06 1843968.04 1882384.02 1920800],store_returns.sr_cdemo_sk
244,income_band,ib_income_band_sk,[1 1.38 1.76 2.14 2.52 2.9 3.28 3.66 4.04 4.42 4.8 5.18 5.56 5.94 6.32 6.7 7.08 7.46 7.84 8.22 8.6 8.98 9.36 9.74 10.12 10.5 10.88 11.26 11.64 12.02 12.4 12.78 13.16 13.54 13.92 14.3 14.68 15.06 15.44 15.82 16.2 16.58 16.96 17.34 17.72 18.1 18.48 18.86 19.24 19.62 20],income_band.ib_income_band_sk
245,income_band,ib_lower_bound,[0 3800.02 7600.04 11400.06 15200.08 19000.1 22800.12 26600.14 30400.16 34200.18 38000.2 41800.22 45600.24 49400.26 53200.28 57000.3 60800.32 64600.34 68400.36 72200.38 76000.4 79800.42 83600.44 87400.46 91200.48 95000.5 98800.52 102600.54 106400.56 110200.58 114000.6 117800.62 121600.64 125400.66 129200.68 133000.7 136800.72 140600.74 144400.76 148200.78 152000.8 155800.82 159600.84 163400.86 167200.88 171000.9 174800.92 178600.94 182400.96 186200.98 190001],income_band.ib_lower_bound
246,income_band,ib_upper_bound,[10000 13800 17600 21400 25200 29000 32800 36600 40400 44200 48000 51800 55600 59400 63200 67000 70800 74600 78400 82200 86000 89800 93600 97400 101200 105000 108800 112600 116400 120200 124000 127800 131600 135400 139200 143000 146800 150600 154400 158200 162000 165800 169600 173400 177200 181000 184800 188600 192400 196200 200000],income_band.ib_upper_bound
247,customer_address,ca_address_sk,[1 5000.98 10000.96 15000.94 20000.92 25000.9 30000.88 35000.86 40000.84 45000.82 50000.8 55000.78 60000.76 65000.74 70000.72 75000.7 80000.68 85000.66 90000.64 95000.62 100000.6 105000.58 110000.56 115000.54 120000.52 125000.5 130000.48 135000.46 140000.44 145000.42 150000.4 155000.38 160000.36 165000.34 170000.32 175000.3 180000.28 185000.26 190000.24 195000.22 200000.2 205000.18 210000.16 215000.14 220000.12 225000.1 230000.08 235000.06 240000.04 245000.02 250000],customer_address.ca_address_sk
248,customer_address,ca_country,[0 0 0 0 0 0 0 0 0 0 0 0 0 0 0 0 0 0 0 0 0 0 0 0 0 0 0 0 0 0 0 0 0 0 0 0 0 0 0 0 0 0 0 0 0 0 0 0 0 0 0],customer_address.ca_country
249,customer_address,ca_street_type,[0 0 0 0 0 0 0 0 0 0 0 0 0 0 0 0 0 0 0 0 0 0 0 0 0 0 0 0 0 0 0 0 0 0 0 0 0 0 0 0 0 0 0 0 0 0 0 0 0 0 0],customer_address.ca_street_type
250,customer_address,ca_street_number,[1 20.96 40.92 60.88 80.84 100.8 120.76 140.72 160.68 180.64 200.6 220.56 240.52 260.48 280.44 300.4 320.36 340.32 360.28 380.24 400.2 420.16 440.12 460.08 480.04 500 519.96 539.92 559.88 579.84 599.8 619.76 639.72 659.68 679.64 699.6 719.56 739.52 759.48 779.44 799.4 819.36 839.32 859.28 879.24 899.2 919.16 939.12 959.08 979.04 999],customer_address.ca_street_number
251,customer_address,ca_address_id,[0 0 0 0 0 0 0 0 0 0 0 0 0 0 0 0 0 0 0 0 0 0 0 0 0 0 0 0 0 0 0 0 0 0 0 0 0 0 0 0 0 0 0 0 0 0 0 0 0 0 0],customer_address.ca_address_id
252,customer_address,ca_suite_number,[0 0 0 0 0 0 0 0 0 0 0 0 0 0 0 0 0 0 0 0 0 0 0 0 0 0 0 0 0 0 0 0 0 0 0 0 0 0 0 0 0 0 0 0 0 0 0 0 0 0 0],customer_address.ca_suite_number
253,customer_address,ca_gmt_offset,[-10 -9.9 -9.8 -9.7 -9.6 -9.5 -9.4 -9.3 -9.2 -9.1 -9 -8.9 -8.8 -8.7 -8.6 -8.5 -8.4 -8.3 -8.2 -8.1 -8 -7.9 -7.8 -7.7 -7.6 -7.5 -7.4 -7.3 -7.2 -7.1 -7 -6.9 -6.8 -6.7 -6.6 -6.5 -6.4 -6.3 -6.2 -6.1 -6 -5.9 -5.8 -5.7 -5.6 -5.5 -5.4 -5.3 -5.2 -5.1 -5],customer_address.ca_gmt_offset
254,customer_address,ca_county,[0 0 0 0 0 0 0 0 0 0 0 0 0 0 0 0 0 0 0 0 0 0 0 0 0 0 0 0 0 0 0 0 0 0 0 0 0 0 0 0 0 0 0 0 0 0 0 0 0 0 0],customer_address.ca_county
255,customer_address,ca_location_type,[0 0 0 0 0 0 0 0 0 0 0 0 0 0 0 0 0 0 0 0 0 0 0 0 0 0 0 0 0 0 0 0 0 0 0 0 0 0 0 0 0 0 0 0 0 0 0 0 0 0 0],customer_address.ca_location_type
256,customer_address,ca_zip,[601 2588.6 4576.2 6563.8 8551.4 10539 12526.6 14514.2 16501.8 18489.4 20477 22464.6 24452.2 26439.8 28427.4 30415 32402.6 34390.2 36377.8 38365.4 40353 42340.6 44328.2 46315.8 48303.4 50291 52278.6 54266.2 56253.8 58241.4 60229 62216.6 64204.2 66191.8 68179.4 70167 72154.6 74142.2 76129.8 78117.4 80105 82092.6 84080.2 86067.8 88055.4 90043 92030.6 94018.2 96005.8 97993.4 99981],customer_address.ca_zip
257,customer_address,ca_state,[0 0 0 0 0 0 0 0 0 0 0 0 0 0 0 0 0 0 0 0 0 0 0 0 0 0 0 0 0 0 0 0 0 0 0 0 0 0 0 0 0 0 0 0 0 0 0 0 0 0 0],customer_address.ca_state
258,customer_address,ca_street_name,[0 0 0 0 0 0 0 0 0 0 0 0 0 0 0 0 0 0 0 0 0 0 0 0 0 0 0 0 0 0 0 0 0 0 0 0 0 0 0 0 0 0 0 0 0 0 0 0 0 0 0],customer_address.ca_street_name
259,customer_address,ca_city,[0 0 0 0 0 0 0 0 0 0 0 0 0 0 0 0 0 0 0 0 0 0 0 0 0 0 0 0 0 0 0 0 0 0 0 0 0 0 0 0 0 0 0 0 0 0 0 0 0 0 0],customer_address.ca_city
260,store,s_store_sk,[1 3.02 5.04 7.06 9.08 11.1 13.12 15.14 17.16 19.18 21.2 23.22 25.24 27.26 29.28 31.3 33.32 35.34 37.36 39.38 41.4 43.42 45.44 47.46 49.48 51.5 53.52 55.54 57.56 59.58 61.6 63.62 65.64 67.66 69.68 71.7 73.72 75.74 77.76 79.78 81.8 83.82 85.84 87.86 89.88 91.9 93.92 95.94 97.96 99.98 102],store.s_store_sk
261,store,s_store_id,[0 0 0 0 0 0 0 0 0 0 0 0 0 0 0 0 0 0 0 0 0 0 0 0 0 0 0 0 0 0 0 0 0 0 0 0 0 0 0 0 0 0 0 0 0 0 0 0 0 0 0],store.s_store_id
262,store,s_rec_start_date,[0 0 0 0 0 0 0 0 0 0 0 0 0 0 0 0 0 0 0 0 0 0 0 0 0 0 0 0 0 0 0 0 0 0 0 0 0 0 0 0 0 0 0 0 0 0 0 0 0 0 0],store.s_rec_start_date
263,store,s_rec_end_date,[0 0 0 0 0 0 0 0 0 0 0 0 0 0 0 0 0 0 0 0 0 0 0 0 0 0 0 0 0 0 0 0 0 0 0 0 0 0 0 0 0 0 0 0 0 0 0 0 0 0 0],store.s_rec_end_date
264,store,s_closed_date_sk,[2450833 2450842.1 2450851.2 2450860.3 2450869.4 2450878.5 2450887.6 2450896.7 2450905.8 2450914.9 2450924 2450933.1 2450942.2 2450951.3 2450960.4 2450969.5 2450978.6 2450987.7 2450996.8 2451005.9 2451015 2451024.1 2451033.2 2451042.3 2451051.4 2451060.5 2451069.6 2451078.7 2451087.8 2451096.9 2451106 2451115.1 2451124.2 2451133.3 2451142.4 2451151.5 2451160.6 2451169.7 2451178.8 2451187.9 2451197 2451206.1 2451215.2 2451224.3 2451233.4 2451242.5 2451251.6 2451260.7 2451269.8 2451278.9 2451288],store.s_closed_date_sk
265,store,s_store_name,[0 0 0 0 0 0 0 0 0 0 0 0 0 0 0 0 0 0 0 0 0 0 0 0 0 0 0 0 0 0 0 0 0 0 0 0 0 0 0 0 0 0 0 0 0 0 0 0 0 0 0],store.s_store_name
266,store,s_number_employees,[200 201.98 203.96 205.94 207.92 209.9 211.88 213.86 215.84 217.82 219.8 221.78 223.76 225.74 227.72 229.7 231.68 233.66 235.64 237.62 239.6 241.58 243.56 245.54 247.52 249.5 251.48 253.46 255.44 257.42 259.4 261.38 263.36 265.34 267.32 269.3 271.28 273.26 275.24 277.22 279.2 281.18 283.16 285.14 287.12 289.1 291.08 293.06 295.04 297.02 299],store.s_number_employees
267,store,s_floor_space,[5093780 5188116.56 5282453.12 5376789.68 5471126.24 5565462.8 5659799.36 5754135.92 5848472.48 5942809.04 6037145.6 6131482.16 6225818.72 6320155.28 6414491.84 6508828.4 6603164.96 6697501.52 6791838.08 6886174.64 6980511.2 7074847.76 7169184.32 7263520.88 7357857.44 7452194 7546530.56 7640867.12 7735203.68 7829540.24 7923876.8 8018213.36 8112549.92 8206886.48 8301223.04 8395559.6 8489896.16 8584232.72 8678569.28 8772905.84 8867242.4 8961578.96 9055915.52 9150252.08 9244588.64 9338925.2 9433261.76 9527598.32 9621934.88 9716271.44 9810608],store.s_floor_space
268,store,s_hours,[0 0 0 0 0 0 0 0 0 0 0 0 0 0 0 0 0 0 0 0 0 0 0 0 0 0 0 0 0 0 0 0 0 0 0 0 0 0 0 0 0 0 0 0 0 0 0 0 0 0 0],store.s_hours
269,store,s_manager,[0 0 0 0 0 0 0 0 0 0 0 0 0 0 0 0 0 0 0 0 0 0 0 0 0 0 0 0 0 0 0 0 0 0 0 0 0 0 0 0 0 0 0 0 0 0 0 0 0 0 0],store.s_manager
270,store,s_market_id,[1 1.18 1.36 1.54 1.72 1.9 2.08 2.26 2.44 2.62 2.8 2.98 3.16 3.34 3.52 3.7 3.88 4.06 4.24 4.42 4.6 4.78 4.96 5.14 5.32 5.5 5.68 5.86 6.04 6.22 6.4 6.58 6.76 6.94 7.12 7.3 7.48 7.66 7.84 8.02 8.2 8.38 8.56 8.74 8.92 9.1 9.28 9.46 9.64 9.82 10],store.s_market_id
271,store,s_geography_class,[0 0 0 0 0 0 0 0 0 0 0 0 0 0 0 0 0 0 0 0 0 0 0 0 0 0 0 0 0 0 0 0 0 0 0 0 0 0 0 0 0 0 0 0 0 0 0 0 0 0 0],store.s_geography_class
272,store,s_market_desc,[0 0 0 0 0 0 0 0 0 0 0 0 0 0 0 0 0 0 0 0 0 0 0 0 0 0 0 0 0 0 0 0 0 0 0 0 0 0 0 0 0 0 0 0 0 0 0 0 0 0 0],store.s_market_desc
273,store,s_market_manager,[0 0 0 0 0 0 0 0 0 0 0 0 0 0 0 0 0 0 0 0 0 0 0 0 0 0 0 0 0 0 0 0 0 0 0 0 0 0 0 0 0 0 0 0 0 0 0 0 0 0 0],store.s_market_manager
274,store,s_division_id,[1 1 1 1 1 1 1 1 1 1 1 1 1 1 1 1 1 1 1 1 1 1 1 1 1 1 1 1 1 1 1 1 1 1 1 1 1 1 1 1 1 1 1 1 1 1 1 1 1 1 1],store.s_division_id
275,store,s_division_name,[0 0 0 0 0 0 0 0 0 0 0 0 0 0 0 0 0 0 0 0 0 0 0 0 0 0 0 0 0 0 0 0 0 0 0 0 0 0 0 0 0 0 0 0 0 0 0 0 0 0 0],store.s_division_name
276,store,s_company_id,[1 1 1 1 1 1 1 1 1 1 1 1 1 1 1 1 1 1 1 1 1 1 1 1 1 1 1 1 1 1 1 1 1 1 1 1 1 1 1 1 1 1 1 1 1 1 1 1 1 1 1],store.s_company_id
277,store,s_company_name,[0 0 0 0 0 0 0 0 0 0 0 0 0 0 0 0 0 0 0 0 0 0 0 0 0 0 0 0 0 0 0 0 0 0 0 0 0 0 0 0 0 0 0 0 0 0 0 0 0 0 0],store.s_company_name
278,store,s_street_number,[100 116.06 132.12 148.18 164.24 180.3 196.36 212.42 228.48 244.54 260.6 276.66 292.72 308.78 324.84 340.9 356.96 373.02 389.08 405.14 421.2 437.26 453.32 469.38 485.44 501.5 517.56 533.62 549.68 565.74 581.8 597.86 613.92 629.98 646.04 662.1 678.16 694.22 710.28 726.34 742.4 758.46 774.52 790.58 806.64 822.7 838.76 854.82 870.88 886.94 903],store.s_street_number
279,store,s_street_name,[0 0 0 0 0 0 0 0 0 0 0 0 0 0 0 0 0 0 0 0 0 0 0 0 0 0 0 0 0 0 0 0 0 0 0 0 0 0 0 0 0 0 0 0 0 0 0 0 0 0 0],store.s_street_name
280,store,s_street_type,[0 0 0 0 0 0 0 0 0 0 0 0 0 0 0 0 0 0 0 0 0 0 0 0 0 0 0 0 0 0 0 0 0 0 0 0 0 0 0 0 0 0 0 0 0 0 0 0 0 0 0],store.s_street_type
281,store,s_suite_number,[0 0 0 0 0 0 0 0 0 0 0 0 0 0 0 0 0 0 0 0 0 0 0 0 0 0 0 0 0 0 0 0 0 0 0 0 0 0 0 0 0 0 0 0 0 0 0 0 0 0 0],store.s_suite_number
282,store,s_city,[0 0 0 0 0 0 0 0 0 0 0 0 0 0 0 0 0 0 0 0 0 0 0 0 0 0 0 0 0 0 0 0 0 0 0 0 0 0 0 0 0 0 0 0 0 0 0 0 0 0 0],store.s_city
283,store,s_county,[0 0 0 0 0 0 0 0 0 0 0 0 0 0 0 0 0 0 0 0 0 0 0 0 0 0 0 0 0 0 0 0 0 0 0 0 0 0 0 0 0 0 0 0 0 0 0 0 0 0 0],store.s_county
284,store,s_state,[0 0 0 0 0 0 0 0 0 0 0 0 0 0 0 0 0 0 0 0 0 0 0 0 0 0 0 0 0 0 0 0 0 0 0 0 0 0 0 0 0 0 0 0 0 0 0 0 0 0 0],store.s_state
285,store,s_zip,[31904 32450.54 32997.08 33543.62 34090.16 34636.7 35183.24 35729.78 36276.32 36822.86 37369.4 37915.94 38462.48 39009.02 39555.56 40102.1 40648.64 41195.18 41741.72 42288.26 42834.8 43381.34 43927.88 44474.42 45020.96 45567.5 46114.04 46660.58 47207.12 47753.66 48300.2 48846.74 49393.28 49939.82 50486.36 51032.9 51579.44 52125.98 52672.52 53219.06 53765.6 54312.14 54858.68 55405.22 55951.76 56498.3 57044.84 57591.38 58137.92 58684.46 59231],store.s_zip
286,store,s_country,[0 0 0 0 0 0 0 0 0 0 0 0 0 0 0 0 0 0 0 0 0 0 0 0 0 0 0 0 0 0 0 0 0 0 0 0 0 0 0 0 0 0 0 0 0 0 0 0 0 0 0],store.s_country
287,store,s_gmt_offset,[-6 -5.98 -5.96 -5.94 -5.92 -5.9 -5.88 -5.86 -5.84 -5.82 -5.8 -5.78 -5.76 -5.74 -5.72 -5.7 -5.68 -5.66 -5.64 -5.62 -5.6 -5.58 -5.56 -5.54 -5.52 -5.5 -5.48 -5.46 -5.44 -5.42 -5.4 -5.38 -5.36 -5.34 -5.32 -5.3 -5.28 -5.26 -5.24 -5.22 -5.2 -5.18 -5.16 -5.14 -5.12 -5.1 -5.08 -5.06 -5.04 -5.02 -5],store.s_gmt_offset
288,store,s_tax_precentage,[0 0.0022 0.0044 0.0066 0.0088 0.011 0.0132 0.0154 0.0176 0.0198 0.022 0.0242 0.0264 0.0286 0.0308 0.033 0.0352 0.0374 0.0396 0.0418 0.044 0.0462 0.0484 0.0506 0.0528 0.055 0.0572 0.0594 0.0616 0.0638 0.066 0.0682 0.0704 0.0726 0.0748 0.077 0.0792 0.0814 0.0836 0.0858 0.088 0.0902 0.0924 0.0946 0.0968 0.099 0.1012 0.1034 0.1056 0.1078 0.11],store.s_tax_precentage
289,inventory,inv_date_sk,[2450815 2450851.4 2450887.8 2450924.2 2450960.6 2450997 2451033.4 2451069.8 2451106.2 2451142.6 2451179 2451215.4 2451251.8 2451288.2 2451324.6 2451361 2451397.4 2451433.8 2451470.2 2451506.6 2451543 2451579.4 2451615.8 2451652.2 2451688.6 2451725 2451761.4 2451797.8 2451834.2 2451870.6 2451907 2451943.4 2451979.8 2452016.2 2452052.6 2452089 2452125.4 2452161.8 2452198.2 2452234.6 2452271 2452307.4 2452343.8 2452380.2 2452416.6 2452453 2452489.4 2452525.8 2452562.2 2452598.6 2452635],inventory.inv_date_sk
290,inventory,inv_item_sk,[1 2040.98 4080.96 6120.94 8160.92 10200.9 12240.88 14280.86 16320.84 18360.82 20400.8 22440.78 24480.76 26520.74 28560.72 30600.7 32640.68 34680.66 36720.64 38760.62 40800.6 42840.58 44880.56 46920.54 48960.52 51000.5 53040.48 55080.46 57120.44 59160.42 61200.4 63240.38 65280.36 67320.34 69360.32 71400.3 73440.28 75480.26 77520.24 79560.22 81600.2 83640.18 85680.16 87720.14 89760.12 91800.1 93840.08 95880.06 97920.04 99960.02 102000],inventory.inv_item_sk
291,inventory,inv_warehouse_sk,[1 1.18 1.36 1.54 1.72 1.9 2.08 2.26 2.44 2.62 2.8 2.98 3.16 3.34 3.52 3.7 3.88 4.06 4.24 4.42 4.6 4.78 4.96 5.14 5.32 5.5 5.68 5.86 6.04 6.22 6.4 6.58 6.76 6.94 7.12 7.3 7.48 7.66 7.84 8.02 8.2 8.38 8.56 8.74 8.92 9.1 9.28 9.46 9.64 9.82 10],inventory.inv_warehouse_sk
292,inventory,inv_quantity_on_hand,[0 20 40 60 80 100 120 140 160 180 200 220 240 260 280 300 320 340 360 380 400 420 440 460 480 500 520 540 560 580 600 620 640 660 680 700 720 740 760 780 800 820 840 860 880 900 920 940 960 980 1000],inventory.inv_quantity_on_hand
293,catalog_sales,cs_warehouse_sk,[1 1.18 1.36 1.54 1.72 1.9 2.08 2.26 2.44 2.62 2.8 2.98 3.16 3.34 3.52 3.7 3.88 4.06 4.24 4.42 4.6 4.78 4.96 5.14 5.32 5.5 5.68 5.86 6.04 6.22 6.4 6.58 6.76 6.94 7.12 7.3 7.48 7.66 7.84 8.02 8.2 8.38 8.56 8.74 8.92 9.1 9.28 9.46 9.64 9.82 10],catalog_sales.cs_warehouse_sk
294,catalog_sales,cs_ship_mode_sk,[1 1.38 1.76 2.14 2.52 2.9 3.28 3.66 4.04 4.42 4.8 5.18 5.56 5.94 6.32 6.7 7.08 7.46 7.84 8.22 8.6 8.98 9.36 9.74 10.12 10.5 10.88 11.26 11.64 12.02 12.4 12.78 13.16 13.54 13.92 14.3 14.68 15.06 15.44 15.82 16.2 16.58 16.96 17.34 17.72 18.1 18.48 18.86 19.24 19.62 20],catalog_sales.cs_ship_mode_sk
295,catalog_sales,cs_call_center_sk,[1 1.46 1.92 2.38 2.84 3.3 3.76 4.22 4.68 5.14 5.6 6.06 6.52 6.98 7.44 7.9 8.36 8.82 9.28 9.74 10.2 10.66 11.12 11.58 12.04 12.5 12.96 13.42 13.88 14.34 14.8 15.26 15.72 16.18 16.64 17.1 17.56 18.02 18.48 18.94 19.4 19.86 20.32 20.78 21.24 21.7 22.16 22.62 23.08 23.54 24],catalog_sales.cs_call_center_sk
296,catalog_sales,cs_quantity,[1 2.98 4.96 6.94 8.92 10.9 12.88 14.86 16.84 18.82 20.8 22.78 24.76 26.74 28.72 30.7 32.68 34.66 36.64 38.62 40.6 42.58 44.56 46.54 48.52 50.5 52.48 54.46 56.44 58.42 60.4 62.38 64.36 66.34 68.32 70.3 72.28 74.26 76.24 78.22 80.2 82.18 84.16 86.14 88.12 90.1 92.08 94.06 96.04 98.02 100],catalog_sales.cs_quantity
297,catalog_sales,cs_promo_sk,[1 10.98 20.96 30.94 40.92 50.9 60.88 70.86 80.84 90.82 100.8 110.78 120.76 130.74 140.72 150.7 160.68 170.66 180.64 190.62 200.6 210.58 220.56 230.54 240.52 250.5 260.48 270.46 280.44 290.42 300.4 310.38 320.36 330.34 340.32 350.3 360.28 370.26 380.24 390.22 400.2 410.18 420.16 430.14 440.12 450.1 460.08 470.06 480.04 490.02 500],catalog_sales.cs_promo_sk
298,catalog_sales,cs_list_price,[1 6.98 12.96 18.94 24.92 30.9 36.88 42.86 48.84 54.82 60.8 66.78 72.76 78.74 84.72 90.7 96.68 102.66 108.64 114.62 120.6 126.58 132.56 138.54 144.52 150.5 156.48 162.46 168.44 174.42 180.4 186.38 192.36 198.34 204.32 210.3 216.28 222.26 228.24 234.22 240.2 246.18 252.16 258.14 264.12 270.1 276.08 282.06 288.04 294.02 300],catalog_sales.cs_list_price
299,catalog_sales,cs_ext_discount_amt,[0 590.08 1180.16 1770.24 2360.32 2950.4 3540.48 4130.56 4720.64 5310.72 5900.8 6490.88 7080.96 7671.04 8261.12 8851.2 9441.28 10031.36 10621.44 11211.52 11801.6 12391.68 12981.76 13571.84 14161.92 14752 15342.08 15932.16 16522.24 17112.32 17702.4 18292.48 18882.56 19472.64 20062.72 20652.8 21242.88 21832.96 22423.04 23013.12 23603.2 24193.28 24783.36 25373.44 25963.52 26553.6 27143.68 27733.76 28323.84 28913.92 29504],catalog_sales.cs_ext_discount_amt
300,catalog_sales,cs_sales_price,[0 5.9934 11.9868 17.9802 23.9736 29.967 35.9604 41.9538 47.9472 53.9406 59.934 65.9274 71.9208 77.9142 83.9076 89.901 95.8944 101.8878 107.8812 113.8746 119.868 125.8614 131.8548 137.8482 143.8416 149.835 155.8284 161.8218 167.8152 173.8086 179.802 185.7954 191.7888 197.7822 203.7756 209.769 215.7624 221.7558 227.7492 233.7426 239.736 245.7294 251.7228 257.7162 263.7096 269.703 275.6964 281.6898 287.6832 293.6766 299.67],catalog_sales.cs_sales_price
301,catalog_sales,cs_ext_sales_price,[0 587.88 1175.76 1763.64 2351.52 2939.4 3527.28 4115.16 4703.04 5290.92 5878.8 6466.68 7054.56 7642.44 8230.32 8818.2 9406.08 9993.96 10581.84 11169.72 11757.6 12345.48 12933.36 13521.24 14109.12 14697 15284.88 15872.76 16460.64 17048.52 17636.4 18224.28 18812.16 19400.04 19987.92 20575.8 21163.68 21751.56 22339.44 22927.32 23515.2 24103.08 24690.96 25278.84 25866.72 26454.6 27042.48 27630.36 28218.24 28806.12 29394],catalog_sales.cs_ext_sales_price
302,catalog_sales,cs_wholesale_cost,[1 2.98 4.96 6.94 8.92 10.9 12.88 14.86 16.84 18.82 20.8 22.78 24.76 26.74 28.72 30.7 32.68 34.66 36.64 38.62 40.6 42.58 44.56 46.54 48.52 50.5 52.48 54.46 56.44 58.42 60.4 62.38 64.36 66.34 68.32 70.3 72.28 74.26 76.24 78.22 80.2 82.18 84.16 86.14 88.12 90.1 92.08 94.06 96.04 98.02 100],catalog_sales.cs_wholesale_cost
303,catalog_sales,cs_sold_date_sk,[2450815 2450851.76 2450888.52 2450925.28 2450962.04 2450998.8 2451035.56 2451072.32 2451109.08 2451145.84 2451182.6 2451219.36 2451256.12 2451292.88 2451329.64 2451366.4 2451403.16 2451439.92 2451476.68 2451513.44 2451550.2 2451586.96 2451623.72 2451660.48 2451697.24 2451734 2451770.76 2451807.52 2451844.28 2451881.04 2451917.8 2451954.56 2451991.32 2452028.08 2452064.84 2452101.6 2452138.36 2452175.12 2452211.88 2452248.64 2452285.4 2452322.16 2452358.92 2452395.68 2452432.44 2452469.2 2452505.96 2452542.72 2452579.48 2452616.24 2452653],catalog_sales.cs_sold_date_sk
304,catalog_sales,cs_ship_date_sk,[2450817 2450855.52 2450894.04 2450932.56 2450971.08 2451009.6 2451048.12 2451086.64 2451125.16 2451163.68 2451202.2 2451240.72 2451279.24 2451317.76 2451356.28 2451394.8 2451433.32 2451471.84 2451510.36 2451548.88 2451587.4 2451625.92 2451664.44 2451702.96 2451741.48 2451780 2451818.52 2451857.04 2451895.56 2451934.08 2451972.6 2452011.12 2452049.64 2452088.16 2452126.68 2452165.2 2452203.72 2452242.24 2452280.76 2452319.28 2452357.8 2452396.32 2452434.84 2452473.36 2452511.88 2452550.4 2452588.92 2452627.44 2452665.96 2452704.48 2452743],catalog_sales.cs_ship_date_sk
305,catalog_sales,cs_ext_wholesale_cost,[1 200.98 400.96 600.94 800.92 1000.9 1200.88 1400.86 1600.84 1800.82 2000.8 2200.78 2400.76 2600.74 2800.72 3000.7 3200.68 3400.66 3600.64 3800.62 4000.6 4200.58 4400.56 4600.54 4800.52 5000.5 5200.48 5400.46 5600.44 5800.42 6000.4 6200.38 6400.36 6600.34 6800.32 7000.3 7200.28 7400.26 7600.24 7800.22 8000.2 8200.18 8400.16 8600.14 8800.12 9000.1 9200.08 9400.06 9600.04 9800.02 10000],catalog_sales.cs_ext_wholesale_cost
306,catalog_sales,cs_item_sk,[1 2040.98 4080.96 6120.94 8160.92 10200.9 12240.88 14280.86 16320.84 18360.82 20400.8 22440.78 24480.76 26520.74 28560.72 30600.7 32640.68 34680.66 36720.64 38760.62 40800.6 42840.58 44880.56 46920.54 48960.52 51000.5 53040.48 55080.46 57120.44 59160.42 61200.4 63240.38 65280.36 67320.34 69360.32 71400.3 73440.28 75480.26 77520.24 79560.22 81600.2 83640.18 85680.16 87720.14 89760.12 91800.1 93840.08 95880.06 97920.04 99960.02 102000],catalog_sales.cs_item_sk
307,catalog_sales,cs_coupon_amt,[0 530.76 1061.52 1592.28 2123.04 2653.8 3184.56 3715.32 4246.08 4776.84 5307.6 5838.36 6369.12 6899.88 7430.64 7961.4 8492.16 9022.92 9553.68 10084.44 10615.2 11145.96 11676.72 12207.48 12738.24 13269 13799.76 14330.52 14861.28 15392.04 15922.8 16453.56 16984.32 17515.08 18045.84 18576.6 19107.36 19638.12 20168.88 20699.64 21230.4 21761.16 22291.92 22822.68 23353.44 23884.2 24414.96 24945.72 25476.48 26007.24 26538],catalog_sales.cs_coupon_amt
308,catalog_sales,cs_ext_ship_cost,[0 293.3568 586.7136 880.0704 1173.4272 1466.784 1760.1408 2053.4976 2346.8544 2640.2112 2933.568 3226.9248 3520.2816 3813.6384 4106.9952 4400.352 4693.7088 4987.0656 5280.4224 5573.7792 5867.136 6160.4928 6453.8496 6747.2064 7040.5632 7333.92 7627.2768 7920.6336 8213.9904 8507.3472 8800.704 9094.0608 9387.4176 9680.7744 9974.1312 10267.488 10560.8448 10854.2016 11147.5584 11440.9152 11734.272 12027.6288 12320.9856 12614.3424 12907.6992 13201.056 13494.4128 13787.7696 14081.1264 14374.4832 14667.84],catalog_sales.cs_ext_ship_cost
309,catalog_sales,cs_net_paid,[0 587.88 1175.76 1763.64 2351.52 2939.4 3527.28 4115.16 4703.04 5290.92 5878.8 6466.68 7054.56 7642.44 8230.32 8818.2 9406.08 9993.96 10581.84 11169.72 11757.6 12345.48 12933.36 13521.24 14109.12 14697 15284.88 15872.76 16460.64 17048.52 17636.4 18224.28 18812.16 19400.04 19987.92 20575.8 21163.68 21751.56 22339.44 22927.32 23515.2 24103.08 24690.96 25278.84 25866.72 26454.6 27042.48 27630.36 28218.24 28806.12 29394],catalog_sales.cs_net_paid
310,catalog_sales,cs_ext_tax,[0 50.3458 100.6916 151.0374 201.3832 251.729 302.0748 352.4206 402.7664 453.1122 503.458 553.8038 604.1496 654.4954 704.8412 755.187 805.5328 855.8786 906.2244 956.5702 1006.916 1057.2618 1107.6076 1157.9534 1208.2992 1258.645 1308.9908 1359.3366 1409.6824 1460.0282 1510.374 1560.7198 1611.0656 1661.4114 1711.7572 1762.103 1812.4488 1862.7946 1913.1404 1963.4862 2013.832 2064.1778 2114.5236 2164.8694 2215.2152 2265.561 2315.9068 2366.2526 2416.5984 2466.9442 2517.29],catalog_sales.cs_ext_tax
311,catalog_sales,cs_ext_list_price,[1 600.5 1200 1799.5 2399 2998.5 3598 4197.5 4797 5396.5 5996 6595.5 7195 7794.5 8394 8993.5 9593 10192.5 10792 11391.5 11991 12590.5 13190 13789.5 14389 14988.5 15588 16187.5 16787 17386.5 17986 18585.5 19185 19784.5 20384 20983.5 21583 22182.5 22782 23381.5 23981 24580.5 25180 25779.5 26379 26978.5 27578 28177.5 28777 29376.5 29976],catalog_sales.cs_ext_list_price
312,catalog_sales,cs_bill_addr_sk,[1 5000.98 10000.96 15000.94 20000.92 25000.9 30000.88 35000.86 40000.84 45000.82 50000.8 55000.78 60000.76 65000.74 70000.72 75000.7 80000.68 85000.66 90000.64 95000.62 100000.6 105000.58 110000.56 115000.54 120000.52 125000.5 130000.48 135000.46 140000.44 145000.42 150000.4 155000.38 160000.36 165000.34 170000.32 175000.3 180000.28 185000.26 190000.24 195000.22 200000.2 205000.18 210000.16 215000.14 220000.12 225000.1 230000.08 235000.06 240000.04 245000.02 250000],catalog_sales.cs_bill_addr_sk
313,catalog_sales,cs_bill_cdemo_sk,[2 38417.96 76833.92 115249.88 153665.84 192081.8 230497.76 268913.72 307329.68 345745.64 384161.6 422577.56 460993.52 499409.48 537825.44 576241.4 614657.36 653073.32 691489.28 729905.24 768321.2 806737.16 845153.12 883569.08 921985.04 960401 998816.96 1037232.92 1075648.88 1114064.84 1152480.8 1190896.76 1229312.72 1267728.68 1306144.64 1344560.6 1382976.56 1421392.52 1459808.48 1498224.44 1536640.4 1575056.36 1613472.32 1651888.28 1690304.24 1728720.2 1767136.16 1805552.12 1843968.08 1882384.04 1920800],catalog_sales.cs_bill_cdemo_sk
314,catalog_sales,cs_order_number,[1 32000.98 64000.96 96000.94 128000.92 160000.9 192000.88 224000.86 256000.84 288000.82 320000.8 352000.78 384000.76 416000.74 448000.72 480000.7 512000.68 544000.66 576000.64 608000.62 640000.6 672000.58 704000.56 736000.54 768000.52 800000.5 832000.48 864000.46 896000.44 928000.42 960000.4 992000.38 1024000.36 1056000.34 1088000.32 1120000.3 1152000.28 1184000.26 1216000.24 1248000.22 1280000.2 1312000.18 1344000.16 1376000.14 1408000.12 1440000.1 1472000.08 1504000.06 1536000.04 1568000.02 1600000],catalog_sales.cs_order_number
315,catalog_sales,cs_ship_addr_sk,[1 5000.98 10000.96 15000.94 20000.92 25000.9 30000.88 35000.86 40000.84 45000.82 50000.8 55000.78 60000.76 65000.74 70000.72 75000.7 80000.68 85000.66 90000.64 95000.62 100000.6 105000.58 110000.56 115000.54 120000.52 125000.5 130000.48 135000.46 140000.44 145000.42 150000.4 155000.38 160000.36 165000.34 170000.32 175000.3 180000.28 185000.26 190000.24 195000.22 200000.2 205000.18 210000.16 215000.14 220000.12 225000.1 230000.08 235000.06 240000.04 245000.02 250000],catalog_sales.cs_ship_addr_sk
316,catalog_sales,cs_ship_cdemo_sk,[2 38417.96 76833.92 115249.88 153665.84 192081.8 230497.76 268913.72 307329.68 345745.64 384161.6 422577.56 460993.52 499409.48 537825.44 576241.4 614657.36 653073.32 691489.28 729905.24 768321.2 806737.16 845153.12 883569.08 921985.04 960401 998816.96 1037232.92 1075648.88 1114064.84 1152480.8 1190896.76 1229312.72 1267728.68 1306144.64 1344560.6 1382976.56 1421392.52 1459808.48 1498224.44 1536640.4 1575056.36 1613472.32 1651888.28 1690304.24 1728720.2 1767136.16 1805552.12 1843968.08 1882384.04 1920800],catalog_sales.cs_ship_cdemo_sk
317,catalog_sales,cs_net_paid_inc_ship,[0 861.02 1722.04 2583.06 3444.08 4305.1 5166.12 6027.14 6888.16 7749.18 8610.2 9471.22 10332.24 11193.26 12054.28 12915.3 13776.32 14637.34 15498.36 16359.38 17220.4 18081.42 18942.44 19803.46 20664.48 21525.5 22386.52 23247.54 24108.56 24969.58 25830.6 26691.62 27552.64 28413.66 29274.68 30135.7 30996.72 31857.74 32718.76 33579.78 34440.8 35301.82 36162.84 37023.86 37884.88 38745.9 39606.92 40467.94 41328.96 42189.98 43051],catalog_sales.cs_net_paid_inc_ship
318,catalog_sales,cs_net_paid_inc_tax,[0 634.9104 1269.8208 1904.7312 2539.6416 3174.552 3809.4624 4444.3728 5079.2832 5714.1936 6349.104 6984.0144 7618.9248 8253.8352 8888.7456 9523.656 10158.5664 10793.4768 11428.3872 12063.2976 12698.208 13333.1184 13968.0288 14602.9392 15237.8496 15872.76 16507.6704 17142.5808 17777.4912 18412.4016 19047.312 19682.2224 20317.1328 20952.0432 21586.9536 22221.864 22856.7744 23491.6848 24126.5952 24761.5056 25396.416 26031.3264 26666.2368 27301.1472 27936.0576 28570.968 29205.8784 29840.7888 30475.6992 31110.6096 31745.52],catalog_sales.cs_net_paid_inc_tax
319,catalog_sales,cs_ship_customer_sk,[1 10000.98 20000.96 30000.94 40000.92 50000.9 60000.88 70000.86 80000.84 90000.82 100000.8 110000.78 120000.76 130000.74 140000.72 150000.7 160000.68 170000.66 180000.64 190000.62 200000.6 210000.58 220000.56 230000.54 240000.52 250000.5 260000.48 270000.46 280000.44 290000.42 300000.4 310000.38 320000.36 330000.34 340000.32 350000.3 360000.28 370000.26 380000.24 390000.22 400000.2 410000.18 420000.16 430000.14 440000.12 450000.1 460000.08 470000.06 480000.04 490000.02 500000],catalog_sales.cs_ship_customer_sk
320,catalog_sales,cs_catalog_page_sk,[1 203 405 607 809 1011 1213 1415 1617 1819 2021 2223 2425 2627 2829 3031 3233 3435 3637 3839 4041 4243 4445 4647 4849 5051 5253 5455 5657 5859 6061 6263 6465 6667 6869 7071 7273 7475 7677 7879 8081 8283 8485 8687 8889 9091 9293 9495 9697 9899 10101],catalog_sales.cs_catalog_page_sk
321,catalog_sales,cs_bill_hdemo_sk,[1 144.98 288.96 432.94 576.92 720.9 864.88 1008.86 1152.84 1296.82 1440.8 1584.78 1728.76 1872.74 2016.72 2160.7 2304.68 2448.66 2592.64 2736.62 2880.6 3024.58 3168.56 3312.54 3456.52 3600.5 3744.48 3888.46 4032.44 4176.42 4320.4 4464.38 4608.36 4752.34 4896.32 5040.3 5184.28 5328.26 5472.24 5616.22 5760.2 5904.18 6048.16 6192.14 6336.12 6480.1 6624.08 6768.06 6912.04 7056.02 7200],catalog_sales.cs_bill_hdemo_sk
322,catalog_sales,cs_ship_hdemo_sk,[1 144.98 288.96 432.94 576.92 720.9 864.88 1008.86 1152.84 1296.82 1440.8 1584.78 1728.76 1872.74 2016.72 2160.7 2304.68 2448.66 2592.64 2736.62 2880.6 3024.58 3168.56 3312.54 3456.52 3600.5 3744.48 3888.46 4032.44 4176.42 4320.4 4464.38 4608.36 4752.34 4896.32 5040.3 5184.28 5328.26 5472.24 5616.22 5760.2 5904.18 6048.16 6192.14 6336.12 6480.1 6624.08 6768.06 6912.04 7056.02 7200],catalog_sales.cs_ship_hdemo_sk
323,catalog_sales,cs_net_paid_inc_ship_tax,[0 908.0504 1816.1008 2724.1512 3632.2016 4540.252 5448.3024 6356.3528 7264.4032 8172.4536 9080.504 9988.5544 10896.6048 11804.6552 12712.7056 13620.756 14528.8064 15436.8568 16344.9072 17252.9576 18161.008 19069.0584 19977.1088 20885.1592 21793.2096 22701.26 23609.3104 24517.3608 25425.4112 26333.4616 27241.512 28149.5624 29057.6128 29965.6632 30873.7136 31781.764 32689.8144 33597.8648 34505.9152 35413.9656 36322.016 37230.0664 38138.1168 39046.1672 39954.2176 40862.268 41770.3184 42678.3688 43586.4192 44494.4696 45402.52],catalog_sales.cs_net_paid_inc_ship_tax
324,catalog_sales,cs_bill_customer_sk,[1 10000.98 20000.96 30000.94 40000.92 50000.9 60000.88 70000.86 80000.84 90000.82 100000.8 110000.78 120000.76 130000.74 140000.72 150000.7 160000.68 170000.66 180000.64 190000.62 200000.6 210000.58 220000.56 230000.54 240000.52 250000.5 260000.48 270000.46 280000.44 290000.42 300000.4 310000.38 320000.36 330000.34 340000.32 350000.3 360000.28 370000.26 380000.24 390000.22 400000.2 410000.18 420000.16 430000.14 440000.12 450000.1 460000.08 470000.06 480000.04 490000.02 500000],catalog_sales.cs_bill_customer_sk
325,catalog_sales,cs_net_profit,[-9997 -9408.98 -8820.96 -8232.94 -7644.92 -7056.9 -6468.88 -5880.86 -5292.84 -4704.82 -4116.8 -3528.78 -2940.76 -2352.74 -1764.72 -1176.7 -588.68 -0.66 587.36 1175.38 1763.4 2351.42 2939.44 3527.46 4115.48 4703.5 5291.52 5879.54 6467.56 7055.58 7643.6 8231.62 8819.64 9407.66 9995.68 10583.7 11171.72 11759.74 12347.76 12935.78 13523.8 14111.82 14699.84 15287.86 15875.88 16463.9 17051.92 17639.94 18227.96 18815.98 19404],catalog_sales.cs_net_profit
326,catalog_sales,cs_sold_time_sk,[0 1727.98 3455.96 5183.94 6911.92 8639.9 10367.88 12095.86 13823.84 15551.82 17279.8 19007.78 20735.76 22463.74 24191.72 25919.7 27647.68 29375.66 31103.64 32831.62 34559.6 36287.58 38015.56 39743.54 41471.52 43199.5 44927.48 46655.46 48383.44 50111.42 51839.4 53567.38 55295.36 57023.34 58751.32 60479.3 62207.28 63935.26 65663.24 67391.22 69119.2 70847.18 72575.16 74303.14 76031.12 77759.1 79487.08 81215.06 82943.04 84671.02 86399],catalog_sales.cs_sold_time_sk
327,web_site,web_site_sk,[1 1.82 2.64 3.46 4.28 5.1 5.92 6.74 7.56 8.38 9.2 10.02 10.84 11.66 12.48 13.3 14.12 14.94 15.76 16.58 17.4 18.22 19.04 19.86 20.68 21.5 22.32 23.14 23.96 24.78 25.6 26.42 27.24 28.06 28.88 29.7 30.52 31.34 32.16 32.98 33.8 34.62 35.44 36.26 37.08 37.9 38.72 39.54 40.36 41.18 42],web_site.web_site_sk
328,web_site,web_site_id,[0 0 0 0 0 0 0 0 0 0 0 0 0 0 0 0 0 0 0 0 0 0 0 0 0 0 0 0 0 0 0 0 0 0 0 0 0 0 0 0 0 0 0 0 0 0 0 0 0 0 0],web_site.web_site_id
329,web_site,web_rec_start_date,[0 0 0 0 0 0 0 0 0 0 0 0 0 0 0 0 0 0 0 0 0 0 0 0 0 0 0 0 0 0 0 0 0 0 0 0 0 0 0 0 0 0 0 0 0 0 0 0 0 0 0],web_site.web_rec_start_date
330,web_site,web_rec_end_date,[0 0 0 0 0 0 0 0 0 0 0 0 0 0 0 0 0 0 0 0 0 0 0 0 0 0 0 0 0 0 0 0 0 0 0 0 0 0 0 0 0 0 0 0 0 0 0 0 0 0 0],web_site.web_rec_end_date
331,web_site,web_name,[0 0 0 0 0 0 0 0 0 0 0 0 0 0 0 0 0 0 0 0 0 0 0 0 0 0 0 0 0 0 0 0 0 0 0 0 0 0 0 0 0 0 0 0 0 0 0 0 0 0 0],web_site.web_name
332,web_site,web_open_date_sk,[2450475 2450481.64 2450488.28 2450494.92 2450501.56 2450508.2 2450514.84 2450521.48 2450528.12 2450534.76 2450541.4 2450548.04 2450554.68 2450561.32 2450567.96 2450574.6 2450581.24 2450587.88 2450594.52 2450601.16 2450607.8 2450614.44 2450621.08 2450627.72 2450634.36 2450641 2450647.64 2450654.28 2450660.92 2450667.56 2450674.2 2450680.84 2450687.48 2450694.12 2450700.76 2450707.4 2450714.04 2450720.68 2450727.32 2450733.96 2450740.6 2450747.24 2450753.88 2450760.52 2450767.16 2450773.8 2450780.44 2450787.08 2450793.72 2450800.36 2450807],web_site.web_open_date_sk
333,web_site,web_close_date_sk,[2445017 2445077.52 2445138.04 2445198.56 2445259.08 2445319.6 2445380.12 2445440.64 2445501.16 2445561.68 2445622.2 2445682.72 2445743.24 2445803.76 2445864.28 2445924.8 2445985.32 2446045.84 2446106.36 2446166.88 2446227.4 2446287.92 2446348.44 2446408.96 2446469.48 2446530 2446590.52 2446651.04 2446711.56 2446772.08 2446832.6 2446893.12 2446953.64 2447014.16 2447074.68 2447135.2 2447195.72 2447256.24 2447316.76 2447377.28 2447437.8 2447498.32 2447558.84 2447619.36 2447679.88 2447740.4 2447800.92 2447861.44 2447921.96 2447982.48 2448043],web_site.web_close_date_sk
334,web_site,web_class,[0 0 0 0 0 0 0 0 0 0 0 0 0 0 0 0 0 0 0 0 0 0 0 0 0 0 0 0 0 0 0 0 0 0 0 0 0 0 0 0 0 0 0 0 0 0 0 0 0 0 0],web_site.web_class
335,web_site,web_manager,[0 0 0 0 0 0 0 0 0 0 0 0 0 0 0 0 0 0 0 0 0 0 0 0 0 0 0 0 0 0 0 0 0 0 0 0 0 0 0 0 0 0 0 0 0 0 0 0 0 0 0],web_site.web_manager
336,web_site,web_mkt_id,[1 1.1 1.2 1.3 1.4 1.5 1.6 1.7 1.8 1.9 2 2.1 2.2 2.3 2.4 2.5 2.6 2.7 2.8 2.9 3 3.1 3.2 3.3 3.4 3.5 3.6 3.7 3.8 3.9 4 4.1 4.2 4.3 4.4 4.5 4.6 4.7 4.8 4.9 5 5.1 5.2 5.3 5.4 5.5 5.6 5.7 5.8 5.9 6],web_site.web_mkt_id
337,web_site,web_mkt_class,[0 0 0 0 0 0 0 0 0 0 0 0 0 0 0 0 0 0 0 0 0 0 0 0 0 0 0 0 0 0 0 0 0 0 0 0 0 0 0 0 0 0 0 0 0 0 0 0 0 0 0],web_site.web_mkt_class
338,web_site,web_mkt_desc,[0 0 0 0 0 0 0 0 0 0 0 0 0 0 0 0 0 0 0 0 0 0 0 0 0 0 0 0 0 0 0 0 0 0 0 0 0 0 0 0 0 0 0 0 0 0 0 0 0 0 0],web_site.web_mkt_desc
339,web_site,web_market_manager,[0 0 0 0 0 0 0 0 0 0 0 0 0 0 0 0 0 0 0 0 0 0 0 0 0 0 0 0 0 0 0 0 0 0 0 0 0 0 0 0 0 0 0 0 0 0 0 0 0 0 0],web_site.web_market_manager
340,web_site,web_company_id,[1 1.1 1.2 1.3 1.4 1.5 1.6 1.7 1.8 1.9 2 2.1 2.2 2.3 2.4 2.5 2.6 2.7 2.8 2.9 3 3.1 3.2 3.3 3.4 3.5 3.6 3.7 3.8 3.9 4 4.1 4.2 4.3 4.4 4.5 4.6 4.7 4.8 4.9 5 5.1 5.2 5.3 5.4 5.5 5.6 5.7 5.8 5.9 6],web_site.web_company_id
341,web_site,web_company_name,[0 0 0 0 0 0 0 0 0 0 0 0 0 0 0 0 0 0 0 0 0 0 0 0 0 0 0 0 0 0 0 0 0 0 0 0 0 0 0 0 0 0 0 0 0 0 0 0 0 0 0],web_site.web_company_name
342,web_site,web_street_number,[184 199.78 215.56 231.34 247.12 262.9 278.68 294.46 310.24 326.02 341.8 357.58 373.36 389.14 404.92 420.7 436.48 452.26 468.04 483.82 499.6 515.38 531.16 546.94 562.72 578.5 594.28 610.06 625.84 641.62 657.4 673.18 688.96 704.74 720.52 736.3 752.08 767.86 783.64 799.42 815.2 830.98 846.76 862.54 878.32 894.1 909.88 925.66 941.44 957.22 973],web_site.web_street_number
343,web_site,web_street_name,[0 0 0 0 0 0 0 0 0 0 0 0 0 0 0 0 0 0 0 0 0 0 0 0 0 0 0 0 0 0 0 0 0 0 0 0 0 0 0 0 0 0 0 0 0 0 0 0 0 0 0],web_site.web_street_name
344,web_site,web_street_type,[0 0 0 0 0 0 0 0 0 0 0 0 0 0 0 0 0 0 0 0 0 0 0 0 0 0 0 0 0 0 0 0 0 0 0 0 0 0 0 0 0 0 0 0 0 0 0 0 0 0 0],web_site.web_street_type
345,web_site,web_suite_number,[0 0 0 0 0 0 0 0 0 0 0 0 0 0 0 0 0 0 0 0 0 0 0 0 0 0 0 0 0 0 0 0 0 0 0 0 0 0 0 0 0 0 0 0 0 0 0 0 0 0 0],web_site.web_suite_number
346,web_site,web_city,[0 0 0 0 0 0 0 0 0 0 0 0 0 0 0 0 0 0 0 0 0 0 0 0 0 0 0 0 0 0 0 0 0 0 0 0 0 0 0 0 0 0 0 0 0 0 0 0 0 0 0],web_site.web_city
347,web_site,web_county,[0 0 0 0 0 0 0 0 0 0 0 0 0 0 0 0 0 0 0 0 0 0 0 0 0 0 0 0 0 0 0 0 0 0 0 0 0 0 0 0 0 0 0 0 0 0 0 0 0 0 0],web_site.web_county
348,web_site,web_state,[0 0 0 0 0 0 0 0 0 0 0 0 0 0 0 0 0 0 0 0 0 0 0 0 0 0 0 0 0 0 0 0 0 0 0 0 0 0 0 0 0 0 0 0 0 0 0 0 0 0 0],web_site.web_state
349,web_site,web_zip,[31904 32433.32 32962.64 33491.96 34021.28 34550.6 35079.92 35609.24 36138.56 36667.88 37197.2 37726.52 38255.84 38785.16 39314.48 39843.8 40373.12 40902.44 41431.76 41961.08 42490.4 43019.72 43549.04 44078.36 44607.68 45137 45666.32 46195.64 46724.96 47254.28 47783.6 48312.92 48842.24 49371.56 49900.88 50430.2 50959.52 51488.84 52018.16 52547.48 53076.8 53606.12 54135.44 54664.76 55194.08 55723.4 56252.72 56782.04 57311.36 57840.68 58370],web_site.web_zip
350,web_site,web_country,[0 0 0 0 0 0 0 0 0 0 0 0 0 0 0 0 0 0 0 0 0 0 0 0 0 0 0 0 0 0 0 0 0 0 0 0 0 0 0 0 0 0 0 0 0 0 0 0 0 0 0],web_site.web_country
351,web_site,web_gmt_offset,[-6 -5.98 -5.96 -5.94 -5.92 -5.9 -5.88 -5.86 -5.84 -5.82 -5.8 -5.78 -5.76 -5.74 -5.72 -5.7 -5.68 -5.66 -5.64 -5.62 -5.6 -5.58 -5.56 -5.54 -5.52 -5.5 -5.48 -5.46 -5.44 -5.42 -5.4 -5.38 -5.36 -5.34 -5.32 -5.3 -5.28 -5.26 -5.24 -5.22 -5.2 -5.18 -5.16 -5.14 -5.12 -5.1 -5.08 -5.06 -5.04 -5.02 -5],web_site.web_gmt_offset
352,web_site,web_tax_percentage,[0 0.0024 0.0048 0.0072 0.0096 0.012 0.0144 0.0168 0.0192 0.0216 0.024 0.0264 0.0288 0.0312 0.0336 0.036 0.0384 0.0408 0.0432 0.0456 0.048 0.0504 0.0528 0.0552 0.0576 0.06 0.0624 0.0648 0.0672 0.0696 0.072 0.0744 0.0768 0.0792 0.0816 0.084 0.0864 0.0888 0.0912 0.0936 0.096 0.0984 0.1008 0.1032 0.1056 0.108 0.1104 0.1128 0.1152 0.1176 0.12],web_site.web_tax_percentage
353,catalog_returns,cr_warehouse_sk,[1 1.18 1.36 1.54 1.72 1.9 2.08 2.26 2.44 2.62 2.8 2.98 3.16 3.34 3.52 3.7 3.88 4.06 4.24 4.42 4.6 4.78 4.96 5.14 5.32 5.5 5.68 5.86 6.04 6.22 6.4 6.58 6.76 6.94 7.12 7.3 7.48 7.66 7.84 8.02 8.2 8.38 8.56 8.74 8.92 9.1 9.28 9.46 9.64 9.82 10],catalog_returns.cr_warehouse_sk
354,catalog_returns,cr_ship_mode_sk,[1 1.38 1.76 2.14 2.52 2.9 3.28 3.66 4.04 4.42 4.8 5.18 5.56 5.94 6.32 6.7 7.08 7.46 7.84 8.22 8.6 8.98 9.36 9.74 10.12 10.5 10.88 11.26 11.64 12.02 12.4 12.78 13.16 13.54 13.92 14.3 14.68 15.06 15.44 15.82 16.2 16.58 16.96 17.34 17.72 18.1 18.48 18.86 19.24 19.62 20],catalog_returns.cr_ship_mode_sk
355,catalog_returns,cr_call_center_sk,[1 1.46 1.92 2.38 2.84 3.3 3.76 4.22 4.68 5.14 5.6 6.06 6.52 6.98 7.44 7.9 8.36 8.82 9.28 9.74 10.2 10.66 11.12 11.58 12.04 12.5 12.96 13.42 13.88 14.34 14.8 15.26 15.72 16.18 16.64 17.1 17.56 18.02 18.48 18.94 19.4 19.86 20.32 20.78 21.24 21.7 22.16 22.62 23.08 23.54 24],catalog_returns.cr_call_center_sk
356,catalog_returns,cr_return_quantity,[1 2.98 4.96 6.94 8.92 10.9 12.88 14.86 16.84 18.82 20.8 22.78 24.76 26.74 28.72 30.7 32.68 34.66 36.64 38.62 40.6 42.58 44.56 46.54 48.52 50.5 52.48 54.46 56.44 58.42 60.4 62.38 64.36 66.34 68.32 70.3 72.28 74.26 76.24 78.22 80.2 82.18 84.16 86.14 88.12 90.1 92.08 94.06 96.04 98.02 100],catalog_returns.cr_return_quantity
357,catalog_returns,cr_reason_sk,[1 1.88 2.76 3.64 4.52 5.4 6.28 7.16 8.04 8.92 9.8 10.68 11.56 12.44 13.32 14.2 15.08 15.96 16.84 17.72 18.6 19.48 20.36 21.24 22.12 23 23.88 24.76 25.64 26.52 27.4 28.28 29.16 30.04 30.92 31.8 32.68 33.56 34.44 35.32 36.2 37.08 37.96 38.84 39.72 40.6 41.48 42.36 43.24 44.12 45],catalog_returns.cr_reason_sk
358,catalog_returns,cr_return_amt_inc_tax,[0 549.741 1099.482 1649.223 2198.964 2748.705 3298.446 3848.187 4397.928 4947.669 5497.41 6047.151 6596.892 7146.633 7696.374 8246.115 8795.856 9345.597 9895.338 10445.079 10994.82 11544.561 12094.302 12644.043 13193.784 13743.525 14293.266 14843.007 15392.748 15942.489 16492.23 17041.971 17591.712 18141.453 18691.194 19240.935 19790.676 20340.417 20890.158 21439.899 21989.64 22539.381 23089.122 23638.863 24188.604 24738.345 25288.086 25837.827 26387.568 26937.309 27487.05],catalog_returns.cr_return_amt_inc_tax
359,catalog_returns,cr_return_tax,[0 44.1718 88.3436 132.5154 176.6872 220.859 265.0308 309.2026 353.3744 397.5462 441.718 485.8898 530.0616 574.2334 618.4052 662.577 706.7488 750.9206 795.0924 839.2642 883.436 927.6078 971.7796 1015.9514 1060.1232 1104.295 1148.4668 1192.6386 1236.8104 1280.9822 1325.154 1369.3258 1413.4976 1457.6694 1501.8412 1546.013 1590.1848 1634.3566 1678.5284 1722.7002 1766.872 1811.0438 1855.2156 1899.3874 1943.5592 1987.731 2031.9028 2076.0746 2120.2464 2164.4182 2208.59],catalog_returns.cr_return_tax
360,catalog_returns,cr_return_amount,[0 518.7484 1037.4968 1556.2452 2074.9936 2593.742 3112.4904 3631.2388 4149.9872 4668.7356 5187.484 5706.2324 6224.9808 6743.7292 7262.4776 7781.226 8299.9744 8818.7228 9337.4712 9856.2196 10374.968 10893.7164 11412.4648 11931.2132 12449.9616 12968.71 13487.4584 14006.2068 14524.9552 15043.7036 15562.452 16081.2004 16599.9488 17118.6972 17637.4456 18156.194 18674.9424 19193.6908 19712.4392 20231.1876 20749.936 21268.6844 21787.4328 22306.1812 22824.9296 23343.678 23862.4264 24381.1748 24899.9232 25418.6716 25937.42],catalog_returns.cr_return_amount
361,catalog_returns,cr_returning_hdemo_sk,[1 144.98 288.96 432.94 576.92 720.9 864.88 1008.86 1152.84 1296.82 1440.8 1584.78 1728.76 1872.74 2016.72 2160.7 2304.68 2448.66 2592.64 2736.62 2880.6 3024.58 3168.56 3312.54 3456.52 3600.5 3744.48 3888.46 4032.44 4176.42 4320.4 4464.38 4608.36 4752.34 4896.32 5040.3 5184.28 5328.26 5472.24 5616.22 5760.2 5904.18 6048.16 6192.14 6336.12 6480.1 6624.08 6768.06 6912.04 7056.02 7200],catalog_returns.cr_returning_hdemo_sk
362,catalog_returns,cr_fee,[0.5 2.49 4.48 6.47 8.46 10.45 12.44 14.43 16.42 18.41 20.4 22.39 24.38 26.37 28.36 30.35 32.34 34.33 36.32 38.31 40.3 42.29 44.28 46.27 48.26 50.25 52.24 54.23 56.22 58.21 60.2 62.19 64.18 66.17 68.16 70.15 72.14 74.13 76.12 78.11 80.1 82.09 84.08 86.07 88.06 90.05 92.04 94.03 96.02 98.01 100],catalog_returns.cr_fee
363,catalog_returns,cr_refunded_hdemo_sk,[1 144.98 288.96 432.94 576.92 720.9 864.88 1008.86 1152.84 1296.82 1440.8 1584.78 1728.76 1872.74 2016.72 2160.7 2304.68 2448.66 2592.64 2736.62 2880.6 3024.58 3168.56 3312.54 3456.52 3600.5 3744.48 3888.46 4032.44 4176.42 4320.4 4464.38 4608.36 4752.34 4896.32 5040.3 5184.28 5328.26 5472.24 5616.22 5760.2 5904.18 6048.16 6192.14 6336.12 6480.1 6624.08 6768.06 6912.04 7056.02 7200],catalog_returns.cr_refunded_hdemo_sk
364,catalog_returns,cr_catalog_page_sk,[1 203 405 607 809 1011 1213 1415 1617 1819 2021 2223 2425 2627 2829 3031 3233 3435 3637 3839 4041 4243 4445 4647 4849 5051 5253 5455 5657 5859 6061 6263 6465 6667 6869 7071 7273 7475 7677 7879 8081 8283 8485 8687 8889 9091 9293 9495 9697 9899 10101],catalog_returns.cr_catalog_page_sk
365,catalog_returns,cr_return_ship_cost,[0 261.554 523.108 784.662 1046.216 1307.77 1569.324 1830.878 2092.432 2353.986 2615.54 2877.094 3138.648 3400.202 3661.756 3923.31 4184.864 4446.418 4707.972 4969.526 5231.08 5492.634 5754.188 6015.742 6277.296 6538.85 6800.404 7061.958 7323.512 7585.066 7846.62 8108.174 8369.728 8631.282 8892.836 9154.39 9415.944 9677.498 9939.052 10200.606 10462.16 10723.714 10985.268 11246.822 11508.376 11769.93 12031.484 12293.038 12554.592 12816.146 13077.7],catalog_returns.cr_return_ship_cost
366,catalog_returns,cr_returned_date_sk,[2450821 2450863.02 2450905.04 2450947.06 2450989.08 2451031.1 2451073.12 2451115.14 2451157.16 2451199.18 2451241.2 2451283.22 2451325.24 2451367.26 2451409.28 2451451.3 2451493.32 2451535.34 2451577.36 2451619.38 2451661.4 2451703.42 2451745.44 2451787.46 2451829.48 2451871.5 2451913.52 2451955.54 2451997.56 2452039.58 2452081.6 2452123.62 2452165.64 2452207.66 2452249.68 2452291.7 2452333.72 2452375.74 2452417.76 2452459.78 2452501.8 2452543.82 2452585.84 2452627.86 2452669.88 2452711.9 2452753.92 2452795.94 2452837.96 2452879.98 2452922],catalog_returns.cr_returned_date_sk
367,catalog_returns,cr_order_number,[2 32001.92 64001.84 96001.76 128001.68 160001.6 192001.52 224001.44 256001.36 288001.28 320001.2 352001.12 384001.04 416000.96 448000.88 480000.8 512000.72 544000.64 576000.56 608000.48 640000.4 672000.32 704000.24 736000.16 768000.08 800000 831999.92 863999.84 895999.76 927999.68 959999.6 991999.52 1023999.44 1055999.36 1087999.28 1119999.2 1151999.12 1183999.04 1215998.96 1247998.88 1279998.8 1311998.72 1343998.64 1375998.56 1407998.48 1439998.4 1471998.32 1503998.24 1535998.16 1567998.08 1599998],catalog_returns.cr_order_number
368,catalog_returns,cr_refunded_cash,[0 442.2136 884.4272 1326.6408 1768.8544 2211.068 2653.2816 3095.4952 3537.7088 3979.9224 4422.136 4864.3496 5306.5632 5748.7768 6190.9904 6633.204 7075.4176 7517.6312 7959.8448 8402.0584 8844.272 9286.4856 9728.6992 10170.9128 10613.1264 11055.34 11497.5536 11939.7672 12381.9808 12824.1944 13266.408 13708.6216 14150.8352 14593.0488 15035.2624 15477.476 15919.6896 16361.9032 16804.1168 17246.3304 17688.544 18130.7576 18572.9712 19015.1848 19457.3984 19899.612 20341.8256 20784.0392 21226.2528 21668.4664 22110.68],catalog_returns.cr_refunded_cash
369,catalog_returns,cr_reversed_charge,[0 407.8188 815.6376 1223.4564 1631.2752 2039.094 2446.9128 2854.7316 3262.5504 3670.3692 4078.188 4486.0068 4893.8256 5301.6444 5709.4632 6117.282 6525.1008 6932.9196 7340.7384 7748.5572 8156.376 8564.1948 8972.0136 9379.8324 9787.6512 10195.47 10603.2888 11011.1076 11418.9264 11826.7452 12234.564 12642.3828 13050.2016 13458.0204 13865.8392 14273.658 14681.4768 15089.2956 15497.1144 15904.9332 16312.752 16720.5708 17128.3896 17536.2084 17944.0272 18351.846 18759.6648 19167.4836 19575.3024 19983.1212 20390.94],catalog_returns.cr_reversed_charge
370,catalog_returns,cr_store_credit,[0 389.8402 779.6804 1169.5206 1559.3608 1949.201 2339.0412 2728.8814 3118.7216 3508.5618 3898.402 4288.2422 4678.0824 5067.9226 5457.7628 5847.603 6237.4432 6627.2834 7017.1236 7406.9638 7796.804 8186.6442 8576.4844 8966.3246 9356.1648 9746.005 10135.8452 10525.6854 10915.5256 11305.3658 11695.206 12085.0462 12474.8864 12864.7266 13254.5668 13644.407 14034.2472 14424.0874 14813.9276 15203.7678 15593.608 15983.4482 16373.2884 16763.1286 17152.9688 17542.809 17932.6492 18322.4894 18712.3296 19102.1698 19492.01],catalog_returns.cr_store_credit
371,catalog_returns,cr_returned_time_sk,[0 1727.98 3455.96 5183.94 6911.92 8639.9 10367.88 12095.86 13823.84 15551.82 17279.8 19007.78 20735.76 22463.74 24191.72 25919.7 27647.68 29375.66 31103.64 32831.62 34559.6 36287.58 38015.56 39743.54 41471.52 43199.5 44927.48 46655.46 48383.44 50111.42 51839.4 53567.38 55295.36 57023.34 58751.32 60479.3 62207.28 63935.26 65663.24 67391.22 69119.2 70847.18 72575.16 74303.14 76031.12 77759.1 79487.08 81215.06 82943.04 84671.02 86399],catalog_returns.cr_returned_time_sk
372,catalog_returns,cr_returning_customer_sk,[1 10000.98 20000.96 30000.94 40000.92 50000.9 60000.88 70000.86 80000.84 90000.82 100000.8 110000.78 120000.76 130000.74 140000.72 150000.7 160000.68 170000.66 180000.64 190000.62 200000.6 210000.58 220000.56 230000.54 240000.52 250000.5 260000.48 270000.46 280000.44 290000.42 300000.4 310000.38 320000.36 330000.34 340000.32 350000.3 360000.28 370000.26 380000.24 390000.22 400000.2 410000.18 420000.16 430000.14 440000.12 450000.1 460000.08 470000.06 480000.04 490000.02 500000],catalog_returns.cr_returning_customer_sk
373,catalog_returns,cr_net_loss,[0.54 270.5842 540.6284 810.6726 1080.7168 1350.761 1620.8052 1890.8494 2160.8936 2430.9378 2700.982 2971.0262 3241.0704 3511.1146 3781.1588 4051.203 4321.2472 4591.2914 4861.3356 5131.3798 5401.424 5671.4682 5941.5124 6211.5566 6481.6008 6751.645 7021.6892 7291.7334 7561.7776 7831.8218 8101.866 8371.9102 8641.9544 8911.9986 9182.0428 9452.087 9722.1312 9992.1754 10262.2196 10532.2638 10802.308 11072.3522 11342.3964 11612.4406 11882.4848 12152.529 12422.5732 12692.6174 12962.6616 13232.7058 13502.75],catalog_returns.cr_net_loss
374,catalog_returns,cr_refunded_customer_sk,[1 10000.98 20000.96 30000.94 40000.92 50000.9 60000.88 70000.86 80000.84 90000.82 100000.8 110000.78 120000.76 130000.74 140000.72 150000.7 160000.68 170000.66 180000.64 190000.62 200000.6 210000.58 220000.56 230000.54 240000.52 250000.5 260000.48 270000.46 280000.44 290000.42 300000.4 310000.38 320000.36 330000.34 340000.32 350000.3 360000.28 370000.26 380000.24 390000.22 400000.2 410000.18 420000.16 430000.14 440000.12 450000.1 460000.08 470000.06 480000.04 490000.02 500000],catalog_returns.cr_refunded_customer_sk
375,catalog_returns,cr_refunded_cdemo_sk,[2 38417.9 76833.8 115249.7 153665.6 192081.5 230497.4 268913.3 307329.2 345745.1 384161 422576.9 460992.8 499408.7 537824.6 576240.5 614656.4 653072.3 691488.2 729904.1 768320 806735.9 845151.8 883567.7 921983.6 960399.5 998815.4 1037231.3 1075647.2 1114063.1 1152479 1190894.9 1229310.8 1267726.7 1306142.6 1344558.5 1382974.4 1421390.3 1459806.2 1498222.1 1536638 1575053.9 1613469.8 1651885.7 1690301.6 1728717.5 1767133.4 1805549.3 1843965.2 1882381.1 1920797],catalog_returns.cr_refunded_cdemo_sk
376,catalog_returns,cr_returning_cdemo_sk,[1 38416.9 76832.8 115248.7 153664.6 192080.5 230496.4 268912.3 307328.2 345744.1 384160 422575.9 460991.8 499407.7 537823.6 576239.5 614655.4 653071.3 691487.2 729903.1 768319 806734.9 845150.8 883566.7 921982.6 960398.5 998814.4 1037230.3 1075646.2 1114062.1 1152478 1190893.9 1229309.8 1267725.7 1306141.6 1344557.5 1382973.4 1421389.3 1459805.2 1498221.1 1536637 1575052.9 1613468.8 1651884.7 1690300.6 1728716.5 1767132.4 1805548.3 1843964.2 1882380.1 1920796],catalog_returns.cr_returning_cdemo_sk
377,catalog_returns,cr_returning_addr_sk,[1 5000.98 10000.96 15000.94 20000.92 25000.9 30000.88 35000.86 40000.84 45000.82 50000.8 55000.78 60000.76 65000.74 70000.72 75000.7 80000.68 85000.66 90000.64 95000.62 100000.6 105000.58 110000.56 115000.54 120000.52 125000.5 130000.48 135000.46 140000.44 145000.42 150000.4 155000.38 160000.36 165000.34 170000.32 175000.3 180000.28 185000.26 190000.24 195000.22 200000.2 205000.18 210000.16 215000.14 220000.12 225000.1 230000.08 235000.06 240000.04 245000.02 250000],catalog_returns.cr_returning_addr_sk
378,catalog_returns,cr_item_sk,[1 2040.98 4080.96 6120.94 8160.92 10200.9 12240.88 14280.86 16320.84 18360.82 20400.8 22440.78 24480.76 26520.74 28560.72 30600.7 32640.68 34680.66 36720.64 38760.62 40800.6 42840.58 44880.56 46920.54 48960.52 51000.5 53040.48 55080.46 57120.44 59160.42 61200.4 63240.38 65280.36 67320.34 69360.32 71400.3 73440.28 75480.26 77520.24 79560.22 81600.2 83640.18 85680.16 87720.14 89760.12 91800.1 93840.08 95880.06 97920.04 99960.02 102000],catalog_returns.cr_item_sk
379,catalog_returns,cr_refunded_addr_sk,[1 5000.98 10000.96 15000.94 20000.92 25000.9 30000.88 35000.86 40000.84 45000.82 50000.8 55000.78 60000.76 65000.74 70000.72 75000.7 80000.68 85000.66 90000.64 95000.62 100000.6 105000.58 110000.56 115000.54 120000.52 125000.5 130000.48 135000.46 140000.44 145000.42 150000.4 155000.38 160000.36 165000.34 170000.32 175000.3 180000.28 185000.26 190000.24 195000.22 200000.2 205000.18 210000.16 215000.14 220000.12 225000.1 230000.08 235000.06 240000.04 245000.02 250000],catalog_returns.cr_refunded_addr_sk
380,warehouse,w_warehouse_sk,[1 1.18 1.36 1.54 1.72 1.9 2.08 2.26 2.44 2.62 2.8 2.98 3.16 3.34 3.52 3.7 3.88 4.06 4.24 4.42 4.6 4.78 4.96 5.14 5.32 5.5 5.68 5.86 6.04 6.22 6.4 6.58 6.76 6.94 7.12 7.3 7.48 7.66 7.84 8.02 8.2 8.38 8.56 8.74 8.92 9.1 9.28 9.46 9.64 9.82 10],warehouse.w_warehouse_sk
381,warehouse,w_warehouse_id,[0 0 0 0 0 0 0 0 0 0 0 0 0 0 0 0 0 0 0 0 0 0 0 0 0 0 0 0 0 0 0 0 0 0 0 0 0 0 0 0 0 0 0 0 0 0 0 0 0 0 0],warehouse.w_warehouse_id
382,warehouse,w_warehouse_name,[0 0 0 0 0 0 0 0 0 0 0 0 0 0 0 0 0 0 0 0 0 0 0 0 0 0 0 0 0 0 0 0 0 0 0 0 0 0 0 0 0 0 0 0 0 0 0 0 0 0 0],warehouse.w_warehouse_name
383,warehouse,w_warehouse_sq_ft,[73065 91159.44 109253.88 127348.32 145442.76 163537.2 181631.64 199726.08 217820.52 235914.96 254009.4 272103.84 290198.28 308292.72 326387.16 344481.6 362576.04 380670.48 398764.92 416859.36 434953.8 453048.24 471142.68 489237.12 507331.56 525426 543520.44 561614.88 579709.32 597803.76 615898.2 633992.64 652087.08 670181.52 688275.96 706370.4 724464.84 742559.28 760653.72 778748.16 796842.6 814937.04 833031.48 851125.92 869220.36 887314.8 905409.24 923503.68 941598.12 959692.56 977787],warehouse.w_warehouse_sq_ft
384,warehouse,w_street_number,[269 282.76 296.52 310.28 324.04 337.8 351.56 365.32 379.08 392.84 406.6 420.36 434.12 447.88 461.64 475.4 489.16 502.92 516.68 530.44 544.2 557.96 571.72 585.48 599.24 613 626.76 640.52 654.28 668.04 681.8 695.56 709.32 723.08 736.84 750.6 764.36 778.12 791.88 805.64 819.4 833.16 846.92 860.68 874.44 888.2 901.96 915.72 929.48 943.24 957],warehouse.w_street_number
385,warehouse,w_street_name,[0 0 0 0 0 0 0 0 0 0 0 0 0 0 0 0 0 0 0 0 0 0 0 0 0 0 0 0 0 0 0 0 0 0 0 0 0 0 0 0 0 0 0 0 0 0 0 0 0 0 0],warehouse.w_street_name
386,warehouse,w_street_type,[0 0 0 0 0 0 0 0 0 0 0 0 0 0 0 0 0 0 0 0 0 0 0 0 0 0 0 0 0 0 0 0 0 0 0 0 0 0 0 0 0 0 0 0 0 0 0 0 0 0 0],warehouse.w_street_type
387,warehouse,w_suite_number,[0 0 0 0 0 0 0 0 0 0 0 0 0 0 0 0 0 0 0 0 0 0 0 0 0 0 0 0 0 0 0 0 0 0 0 0 0 0 0 0 0 0 0 0 0 0 0 0 0 0 0],warehouse.w_suite_number
388,warehouse,w_city,[0 0 0 0 0 0 0 0 0 0 0 0 0 0 0 0 0 0 0 0 0 0 0 0 0 0 0 0 0 0 0 0 0 0 0 0 0 0 0 0 0 0 0 0 0 0 0 0 0 0 0],warehouse.w_city
389,warehouse,w_county,[0 0 0 0 0 0 0 0 0 0 0 0 0 0 0 0 0 0 0 0 0 0 0 0 0 0 0 0 0 0 0 0 0 0 0 0 0 0 0 0 0 0 0 0 0 0 0 0 0 0 0],warehouse.w_county
390,warehouse,w_state,[0 0 0 0 0 0 0 0 0 0 0 0 0 0 0 0 0 0 0 0 0 0 0 0 0 0 0 0 0 0 0 0 0 0 0 0 0 0 0 0 0 0 0 0 0 0 0 0 0 0 0],warehouse.w_state
391,warehouse,w_zip,[35709 36179.44 36649.88 37120.32 37590.76 38061.2 38531.64 39002.08 39472.52 39942.96 40413.4 40883.84 41354.28 41824.72 42295.16 42765.6 43236.04 43706.48 44176.92 44647.36 45117.8 45588.24 46058.68 46529.12 46999.56 47470 47940.44 48410.88 48881.32 49351.76 49822.2 50292.64 50763.08 51233.52 51703.96 52174.4 52644.84 53115.28 53585.72 54056.16 54526.6 54997.04 55467.48 55937.92 56408.36 56878.8 57349.24 57819.68 58290.12 58760.56 59231],warehouse.w_zip
392,warehouse,w_country,[0 0 0 0 0 0 0 0 0 0 0 0 0 0 0 0 0 0 0 0 0 0 0 0 0 0 0 0 0 0 0 0 0 0 0 0 0 0 0 0 0 0 0 0 0 0 0 0 0 0 0],warehouse.w_country
393,warehouse,w_gmt_offset,[-6 -6 -6 -6 -6 -6 -6 -6 -6 -6 -6 -6 -6 -6 -6 -6 -6 -6 -6 -6 -6 -6 -6 -6 -6 -6 -6 -6 -6 -6 -6 -6 -6 -6 -6 -6 -6 -6 -6 -6 -6 -6 -6 -6 -6 -6 -6 -6 -6 -6 -6],warehouse.w_gmt_offset
394,web_page,wp_web_page_sk,[1 4.98 8.96 12.94 16.92 20.9 24.88 28.86 32.84 36.82 40.8 44.78 48.76 52.74 56.72 60.7 64.68 68.66 72.64 76.62 80.6 84.58 88.56 92.54 96.52 100.5 104.48 108.46 112.44 116.42 120.4 124.38 128.36 132.34 136.32 140.3 144.28 148.26 152.24 156.22 160.2 164.18 168.16 172.14 176.12 180.1 184.08 188.06 192.04 196.02 200],web_page.wp_web_page_sk
395,web_page,wp_web_page_id,[0 0 0 0 0 0 0 0 0 0 0 0 0 0 0 0 0 0 0 0 0 0 0 0 0 0 0 0 0 0 0 0 0 0 0 0 0 0 0 0 0 0 0 0 0 0 0 0 0 0 0],web_page.wp_web_page_id
396,web_page,wp_rec_start_date,[0 0 0 0 0 0 0 0 0 0 0 0 0 0 0 0 0 0 0 0 0 0 0 0 0 0 0 0 0 0 0 0 0 0 0 0 0 0 0 0 0 0 0 0 0 0 0 0 0 0 0],web_page.wp_rec_start_date
397,web_page,wp_rec_end_date,[0 0 0 0 0 0 0 0 0 0 0 0 0 0 0 0 0 0 0 0 0 0 0 0 0 0 0 0 0 0 0 0 0 0 0 0 0 0 0 0 0 0 0 0 0 0 0 0 0 0 0],web_page.wp_rec_end_date
398,web_page,wp_creation_date_sk,[2450798 2450798.34 2450798.68 2450799.02 2450799.36 2450799.7 2450800.04 2450800.38 2450800.72 2450801.06 2450801.4 2450801.74 2450802.08 2450802.42 2450802.76 2450803.1 2450803.44 2450803.78 2450804.12 2450804.46 2450804.8 2450805.14 2450805.48 2450805.82 2450806.16 2450806.5 2450806.84 2450807.18 2450807.52 2450807.86 2450808.2 2450808.54 2450808.88 2450809.22 2450809.56 2450809.9 2450810.24 2450810.58 2450810.92 2450811.26 2450811.6 2450811.94 2450812.28 2450812.62 2450812.96 2450813.3 2450813.64 2450813.98 2450814.32 2450814.66 2450815],web_page.wp_creation_date_sk
399,web_page,wp_access_date_sk,[2452548 2452550 2452552 2452554 2452556 2452558 2452560 2452562 2452564 2452566 2452568 2452570 2452572 2452574 2452576 2452578 2452580 2452582 2452584 2452586 2452588 2452590 2452592 2452594 2452596 2452598 2452600 2452602 2452604 2452606 2452608 2452610 2452612 2452614 2452616 2452618 2452620 2452622 2452624 2452626 2452628 2452630 2452632 2452634 2452636 2452638 2452640 2452642 2452644 2452646 2452648],web_page.wp_access_date_sk
400,web_page,wp_autogen_flag,[0 0 0 0 0 0 0 0 0 0 0 0 0 0 0 0 0 0 0 0 0 0 0 0 0 0 0 0 0 0 0 0 0 0 0 0 0 0 0 0 0 0 0 0 0 0 0 0 0 0 0],web_page.wp_autogen_flag
401,web_page,wp_customer_sk,[15150 24688.56 34227.12 43765.68 53304.24 62842.8 72381.36 81919.92 91458.48 100997.04 110535.6 120074.16 129612.72 139151.28 148689.84 158228.4 167766.96 177305.52 186844.08 196382.64 205921.2 215459.76 224998.32 234536.88 244075.44 253614 263152.56 272691.12 282229.68 291768.24 301306.8 310845.36 320383.92 329922.48 339461.04 348999.6 358538.16 368076.72 377615.28 387153.84 396692.4 406230.96 415769.52 425308.08 434846.64 444385.2 453923.76 463462.32 473000.88 482539.44 492078],web_page.wp_customer_sk
402,web_page,wp_url,[0 0 0 0 0 0 0 0 0 0 0 0 0 0 0 0 0 0 0 0 0 0 0 0 0 0 0 0 0 0 0 0 0 0 0 0 0 0 0 0 0 0 0 0 0 0 0 0 0 0 0],web_page.wp_url
403,web_page,wp_type,[0 0 0 0 0 0 0 0 0 0 0 0 0 0 0 0 0 0 0 0 0 0 0 0 0 0 0 0 0 0 0 0 0 0 0 0 0 0 0 0 0 0 0 0 0 0 0 0 0 0 0],web_page.wp_type
404,web_page,wp_char_count,[508 638.76 769.52 900.28 1031.04 1161.8 1292.56 1423.32 1554.08 1684.84 1815.6 1946.36 2077.12 2207.88 2338.64 2469.4 2600.16 2730.92 2861.68 2992.44 3123.2 3253.96 3384.72 3515.48 3646.24 3777 3907.76 4038.52 4169.28 4300.04 4430.8 4561.56 4692.32 4823.08 4953.84 5084.6 5215.36 5346.12 5476.88 5607.64 5738.4 5869.16 5999.92 6130.68 6261.44 6392.2 6522.96 6653.72 6784.48 6915.24 7046],web_page.wp_char_count
405,web_page,wp_link_count,[2 2.46 2.92 3.38 3.84 4.3 4.76 5.22 5.68 6.14 6.6 7.06 7.52 7.98 8.44 8.9 9.36 9.82 10.28 10.74 11.2 11.66 12.12 12.58 13.04 13.5 13.96 14.42 14.88 15.34 15.8 16.26 16.72 17.18 17.64 18.1 18.56 19.02 19.48 19.94 20.4 20.86 21.32 21.78 22.24 22.7 23.16 23.62 24.08 24.54 25],web_page.wp_link_count
406,web_page,wp_image_count,[1 1.12 1.24 1.36 1.48 1.6 1.72 1.84 1.96 2.08 2.2 2.32 2.44 2.56 2.68 2.8 2.92 3.04 3.16 3.28 3.4 3.52 3.64 3.76 3.88 4 4.12 4.24 4.36 4.48 4.6 4.72 4.84 4.96 5.08 5.2 5.32 5.44 5.56 5.68 5.8 5.92 6.04 6.16 6.28 6.4 6.52 6.64 6.76 6.88 7],web_page.wp_image_count
407,web_page,wp_max_ad_count,[0 0.08 0.16 0.24 0.32 0.4 0.48 0.56 0.64 0.72 0.8 0.88 0.96 1.04 1.12 1.2 1.28 1.36 1.44 1.52 1.6 1.68 1.76 1.84 1.92 2 2.08 2.16 2.24 2.32 2.4 2.48 2.56 2.64 2.72 2.8 2.88 2.96 3.04 3.12 3.2 3.28 3.36 3.44 3.52 3.6 3.68 3.76 3.84 3.92 4],web_page.wp_max_ad_count
408,customer,c_current_hdemo_sk,[1 144.98 288.96 432.94 576.92 720.9 864.88 1008.86 1152.84 1296.82 1440.8 1584.78 1728.76 1872.74 2016.72 2160.7 2304.68 2448.66 2592.64 2736.62 2880.6 3024.58 3168.56 3312.54 3456.52 3600.5 3744.48 3888.46 4032.44 4176.42 4320.4 4464.38 4608.36 4752.34 4896.32 5040.3 5184.28 5328.26 5472.24 5616.22 5760.2 5904.18 6048.16 6192.14 6336.12 6480.1 6624.08 6768.06 6912.04 7056.02 7200],customer.c_current_hdemo_sk
409,customer,c_first_sales_date_sk,[2448998 2449071 2449144 2449217 2449290 2449363 2449436 2449509 2449582 2449655 2449728 2449801 2449874 2449947 2450020 2450093 2450166 2450239 2450312 2450385 2450458 2450531 2450604 2450677 2450750 2450823 2450896 2450969 2451042 2451115 2451188 2451261 2451334 2451407 2451480 2451553 2451626 2451699 2451772 2451845 2451918 2451991 2452064 2452137 2452210 2452283 2452356 2452429 2452502 2452575 2452648],customer.c_first_sales_date_sk
410,customer,c_first_shipto_date_sk,[2449028 2449101 2449174 2449247 2449320 2449393 2449466 2449539 2449612 2449685 2449758 2449831 2449904 2449977 2450050 2450123 2450196 2450269 2450342 2450415 2450488 2450561 2450634 2450707 2450780 2450853 2450926 2450999 2451072 2451145 2451218 2451291 2451364 2451437 2451510 2451583 2451656 2451729 2451802 2451875 2451948 2452021 2452094 2452167 2452240 2452313 2452386 2452459 2452532 2452605 2452678],customer.c_first_shipto_date_sk
411,customer,c_current_addr_sk,[1 5000.98 10000.96 15000.94 20000.92 25000.9 30000.88 35000.86 40000.84 45000.82 50000.8 55000.78 60000.76 65000.74 70000.72 75000.7 80000.68 85000.66 90000.64 95000.62 100000.6 105000.58 110000.56 115000.54 120000.52 125000.5 130000.48 135000.46 140000.44 145000.42 150000.4 155000.38 160000.36 165000.34 170000.32 175000.3 180000.28 185000.26 190000.24 195000.22 200000.2 205000.18 210000.16 215000.14 220000.12 225000.1 230000.08 235000.06 240000.04 245000.02 250000],customer.c_current_addr_sk
412,customer,c_customer_id,[0 0 0 0 0 0 0 0 0 0 0 0 0 0 0 0 0 0 0 0 0 0 0 0 0 0 0 0 0 0 0 0 0 0 0 0 0 0 0 0 0 0 0 0 0 0 0 0 0 0 0],customer.c_customer_id
413,customer,c_birth_year,[1924 1925.36 1926.72 1928.08 1929.44 1930.8 1932.16 1933.52 1934.88 1936.24 1937.6 1938.96 1940.32 1941.68 1943.04 1944.4 1945.76 1947.12 1948.48 1949.84 1951.2 1952.56 1953.92 1955.28 1956.64 1958 1959.36 1960.72 1962.08 1963.44 1964.8 1966.16 1967.52 1968.88 1970.24 1971.6 1972.96 1974.32 1975.68 1977.04 1978.4 1979.76 1981.12 1982.48 1983.84 1985.2 1986.56 1987.92 1989.28 1990.64 1992],customer.c_birth_year
414,customer,c_birth_day,[1 1.6 2.2 2.8 3.4 4 4.6 5.2 5.8 6.4 7 7.6 8.2 8.8 9.4 10 10.6 11.2 11.8 12.4 13 13.6 14.2 14.8 15.4 16 16.6 17.2 17.8 18.4 19 19.6 20.2 20.8 21.4 22 22.6 23.2 23.8 24.4 25 25.6 26.2 26.8 27.4 28 28.6 29.2 29.8 30.4 31],customer.c_birth_day
415,customer,c_last_review_date_sk,[2452283 2452290.3 2452297.6 2452304.9 2452312.2 2452319.5 2452326.8 2452334.1 2452341.4 2452348.7 2452356 2452363.3 2452370.6 2452377.9 2452385.2 2452392.5 2452399.8 2452407.1 2452414.4 2452421.7 2452429 2452436.3 2452443.6 2452450.9 2452458.2 2452465.5 2452472.8 2452480.1 2452487.4 2452494.7 2452502 2452509.3 2452516.6 2452523.9 2452531.2 2452538.5 2452545.8 2452553.1 2452560.4 2452567.7 2452575 2452582.3 2452589.6 2452596.9 2452604.2 2452611.5 2452618.8 2452626.1 2452633.4 2452640.7 2452648],customer.c_last_review_date_sk
416,customer,c_birth_month,[1 1.22 1.44 1.66 1.88 2.1 2.32 2.54 2.76 2.98 3.2 3.42 3.64 3.86 4.08 4.3 4.52 4.74 4.96 5.18 5.4 5.62 5.84 6.06 6.28 6.5 6.72 6.94 7.16 7.38 7.6 7.82 8.04 8.26 8.48 8.7 8.92 9.14 9.36 9.58 9.8 10.02 10.24 10.46 10.68 10.9 11.12 11.34 11.56 11.78 12],customer.c_birth_month
417,customer,c_current_cdemo_sk,[4 38419.74 76835.48 115251.22 153666.96 192082.7 230498.44 268914.18 307329.92 345745.66 384161.4 422577.14 460992.88 499408.62 537824.36 576240.1 614655.84 653071.58 691487.32 729903.06 768318.8 806734.54 845150.28 883566.02 921981.76 960397.5 998813.24 1037228.98 1075644.72 1114060.46 1152476.2 1190891.94 1229307.68 1267723.42 1306139.16 1344554.9 1382970.64 1421386.38 1459802.12 1498217.86 1536633.6 1575049.34 1613465.08 1651880.82 1690296.56 1728712.3 1767128.04 1805543.78 1843959.52 1882375.26 1920791],customer.c_current_cdemo_sk
418,customer,c_preferred_cust_flag,[0 0 0 0 0 0 0 0 0 0 0 0 0 0 0 0 0 0 0 0 0 0 0 0 0 0 0 0 0 0 0 0 0 0 0 0 0 0 0 0 0 0 0 0 0 0 0 0 0 0 0],customer.c_preferred_cust_flag
419,customer,c_salutation,[0 0 0 0 0 0 0 0 0 0 0 0 0 0 0 0 0 0 0 0 0 0 0 0 0 0 0 0 0 0 0 0 0 0 0 0 0 0 0 0 0 0 0 0 0 0 0 0 0 0 0],customer.c_salutation
420,customer,c_login,[0 0 0 0 0 0 0 0 0 0 0 0 0 0 0 0 0 0 0 0 0 0 0 0 0 0 0 0 0 0 0 0 0 0 0 0 0 0 0 0 0 0 0 0 0 0 0 0 0 0 0],customer.c_login
421,customer,c_first_name,[0 0 0 0 0 0 0 0 0 0 0 0 0 0 0 0 0 0 0 0 0 0 0 0 0 0 0 0 0 0 0 0 0 0 0 0 0 0 0 0 0 0 0 0 0 0 0 0 0 0 0],customer.c_first_name
422,customer,c_last_name,[0 0 0 0 0 0 0 0 0 0 0 0 0 0 0 0 0 0 0 0 0 0 0 0 0 0 0 0 0 0 0 0 0 0 0 0 0 0 0 0 0 0 0 0 0 0 0 0 0 0 0],customer.c_last_name
423,customer,c_customer_sk,[1 10000.98 20000.96 30000.94 40000.92 50000.9 60000.88 70000.86 80000.84 90000.82 100000.8 110000.78 120000.76 130000.74 140000.72 150000.7 160000.68 170000.66 180000.64 190000.62 200000.6 210000.58 220000.56 230000.54 240000.52 250000.5 260000.48 270000.46 280000.44 290000.42 300000.4 310000.38 320000.36 330000.34 340000.32 350000.3 360000.28 370000.26 380000.24 390000.22 400000.2 410000.18 420000.16 430000.14 440000.12 450000.1 460000.08 470000.06 480000.04 490000.02 500000],customer.c_customer_sk
424,customer,c_birth_country,[0 0 0 0 0 0 0 0 0 0 0 0 0 0 0 0 0 0 0 0 0 0 0 0 0 0 0 0 0 0 0 0 0 0 0 0 0 0 0 0 0 0 0 0 0 0 0 0 0 0 0],customer.c_birth_country
425,customer,c_email_address,[0 0 0 0 0 0 0 0 0 0 0 0 0 0 0 0 0 0 0 0 0 0 0 0 0 0 0 0 0 0 0 0 0 0 0 0 0 0 0 0 0 0 0 0 0 0 0 0 0 0 0],customer.c_email_address
426,reason,r_reason_sk,[1 1.88 2.76 3.64 4.52 5.4 6.28 7.16 8.04 8.92 9.8 10.68 11.56 12.44 13.32 14.2 15.08 15.96 16.84 17.72 18.6 19.48 20.36 21.24 22.12 23 23.88 24.76 25.64 26.52 27.4 28.28 29.16 30.04 30.92 31.8 32.68 33.56 34.44 35.32 36.2 37.08 37.96 38.84 39.72 40.6 41.48 42.36 43.24 44.12 45],reason.r_reason_sk
427,reason,r_reason_id,[0 0 0 0 0 0 0 0 0 0 0 0 0 0 0 0 0 0 0 0 0 0 0 0 0 0 0 0 0 0 0 0 0 0 0 0 0 0 0 0 0 0 0 0 0 0 0 0 0 0 0],reason.r_reason_id
428,reason,r_reason_desc,[0 0 0 0 0 0 0 0 0 0 0 0 0 0 0 0 0 0 0 0 0 0 0 0 0 0 0 0 0 0 0 0 0 0 0 0 0 0 0 0 0 0 0 0 0 0 0 0 0 0 0],reason.r_reason_desc
